Player,Tm,PER,TS%,3PAr,FTr,ORB%,DRB%,TRB%,AST%,STL%,BLK%,TOV%,USG%,OWS,DWS,WS,WS/48,OBPM,DBPM,BPM,VORP
Precious Achiuwa,TOR,15.2,.554,.267,.307,9.3,24.4,16.3,6.3,1.3,2.6,11.4,19.4,0.8,1.4,2.2,.093,-1.4,-0.8,-2.3,-0.1
Steven Adams,MEM,17.5,.564,.004,.490,20.1,25.3,22.7,11.2,1.5,3.7,19.8,14.6,1.3,2.1,3.4,.144,-0.3,0.9,0.6,0.7
Bam Adebayo,MIA,20.1,.592,.011,.361,8.0,23.6,15.5,15.9,1.7,2.4,12.7,25.2,3.6,3.8,7.4,.137,0.8,0.8,1.5,2.3
Ochai Agbaji,UTA,9.5,.561,.591,.179,3.9,6.9,5.4,7.5,0.6,1.0,9.0,15.8,0.9,0.4,1.3,.053,-1.7,-1.4,-3.0,-0.3
Santi Aldama,MEM,13.9,.591,.507,.274,5.4,18.0,11.7,7.6,1.3,2.6,9.3,16.0,2.1,2.4,4.6,.130,-0.3,0.8,0.5,1.1
Nickeil Alexander-Walker,TOT,11.6,.565,.539,.203,1.9,10.5,6.3,16.7,1.7,2.0,14.6,17.9,0.3,0.8,1.1,.062,-1.4,0.4,-0.9,0.2
Grayson Allen,MIL,12.3,.612,.657,.226,3.4,9.0,6.3,10.9,1.5,0.6,10.5,14.6,2.8,2.2,5.1,.123,-0.6,0.7,0.1,1.0
Jarrett Allen,CLE,19.9,.670,.016,.353,11.7,23.6,17.7,7.5,1.2,3.5,11.4,16.4,5.5,4.0,9.5,.205,1.3,1.0,2.4,2.4
Jose Alvarado,NOP,11.8,.525,.505,.164,2.4,9.8,6.1,19.9,2.5,0.7,13.4,19.8,0.1,1.7,1.8,.066,-2.0,0.7,-1.2,0.3
Kyle Anderson,MIN,14.8,.583,.212,.275,3.8,16.9,10.5,22.6,1.9,2.8,15.7,14.4,2.5,2.6,5.1,.125,0.2,2.3,2.5,2.2
Giannis Antetokounmpo,MIL,29.0,.605,.134,.604,7.3,30.0,19.1,33.2,1.2,2.1,13.2,38.8,4.9,3.7,8.6,.204,5.8,2.7,8.5,5.4
Thanasis Antetokounmpo,MIL,6.7,.458,.174,.478,7.9,14.1,11.1,9.3,0.7,1.2,17.7,13.8,-0.1,0.2,0.1,.022,-6.5,-1.1,-7.6,-0.3
Cole Anthony,ORL,16.0,.570,.338,.279,3.4,17.6,10.5,22.9,1.2,1.9,11.7,21.5,2.1,1.7,3.7,.116,0.7,0.5,1.3,1.3
OG Anunoby,TOR,14.6,.586,.415,.189,4.2,12.1,7.9,8.0,2.7,2.0,12.1,19.5,1.8,2.9,4.7,.094,-0.3,0.7,0.4,1.5
Ryan Arcidiacono,TOT,2.7,.351,.622,.000,0.0,10.0,5.0,16.9,1.4,0.0,15.9,11.1,-0.2,0.1,-0.2,-0.043,-7.3,-1.5,-8.8,-0.3
Deni Avdija,WAS,11.2,.535,.401,.285,4.2,21.9,13.4,13.9,1.6,1.2,15.9,16.7,0.0,2.3,2.3,.054,-2.8,0.5,-2.3,-0.1
Deandre Ayton,PHO,19.9,.617,.027,.225,9.2,27.5,18.1,9.2,0.9,2.3,11.0,22.9,3.3,3.0,6.2,.147,0.9,0.0,0.9,1.5
Udoka Azubuike,UTA,16.1,.774,.000,.278,9.5,26.1,17.9,4.3,0.8,3.5,18.2,11.5,0.6,0.4,1.0,.134,-1.2,0.5,-0.6,0.1
Marvin Bagley III,DET,17.2,.587,.173,.283,10.2,20.2,15.1,5.9,0.9,2.7,9.7,20.4,1.3,0.7,2.0,.095,0.3,-1.2,-0.9,0.3
Patrick Baldwin Jr.,GSW,11.3,.546,.771,.055,0.5,18.6,9.7,6.9,1.3,1.6,9.0,22.8,-0.1,0.3,0.1,.029,-0.7,-1.4,-2.1,0.0
LaMelo Ball,CHO,17.9,.541,.531,.169,3.5,16.2,9.7,38.7,1.7,0.8,14.3,30.0,0.6,1.2,1.8,.068,3.2,-0.8,2.4,1.4
Mo Bamba,TOT,15.7,.602,.515,.257,8.5,24.2,16.4,8.7,0.8,5.3,10.1,16.6,1.1,1.1,2.2,.139,-0.2,0.7,0.5,0.5
Paolo Banchero,ORL,14.9,.529,.254,.476,3.9,19.3,11.6,17.2,1.2,1.5,12.8,27.5,-0.3,2.6,2.4,.047,-0.7,-0.7,-1.5,0.3
Desmond Bane,MEM,19.1,.606,.433,.218,2.5,14.3,8.4,20.8,1.4,1.1,10.9,26.1,3.5,2.3,5.8,.151,3.3,0.1,3.5,2.5
Dalano Banton,TOR,14.9,.505,.392,.185,4.2,14.9,9.1,19.3,2.3,4.5,11.4,24.2,0.0,0.4,0.4,.064,-1.1,0.6,-0.5,0.1
Dominick Barlow,SAS,12.4,.567,.047,.291,11.9,15.6,13.7,7.6,1.2,3.8,13.4,11.3,0.5,0.2,0.7,.082,-3.7,-0.8,-4.6,-0.3
Harrison Barnes,SAC,14.1,.632,.446,.522,3.8,11.9,7.9,6.3,1.0,0.3,8.1,17.1,5.1,1.4,6.5,.118,0.5,-1.5,-1.0,0.7
Scottie Barnes,TOR,15.5,.524,.220,.242,7.1,15.2,10.8,20.0,1.5,2.2,12.0,20.3,2.3,2.7,5.0,.090,0.5,-0.1,0.4,1.6
RJ Barrett,NYK,12.9,.531,.332,.333,2.7,13.7,8.2,12.4,0.6,0.6,10.8,26.2,0.5,1.8,2.2,.043,-1.2,-1.9,-3.1,-0.7
Will Barton,TOT,10.0,.493,.495,.129,1.7,13.5,7.7,15.4,1.4,1.1,11.1,18.9,-0.4,0.8,0.4,.021,-2.0,-0.6,-2.6,-0.2
Charles Bassey,SAS,18.8,.658,.059,.274,15.5,26.4,20.7,12.9,1.5,5.4,21.3,15.6,0.7,0.6,1.3,.122,-0.7,1.3,0.6,0.3
Keita Bates-Diop,SAS,14.9,.609,.305,.323,4.7,14.3,9.3,9.8,1.5,1.1,9.5,16.7,2.1,0.6,2.7,.089,0.3,-0.9,-0.6,0.5
Nicolas Batum,LAC,11.0,.594,.832,.126,4.1,15.4,9.8,9.4,1.5,2.3,11.1,11.5,1.7,1.9,3.6,.101,-0.8,1.2,0.5,1.0
Darius Bazley,TOT,13.1,.524,.290,.383,5.8,18.5,12.1,8.3,1.7,5.1,11.2,16.4,0.1,0.9,1.0,.078,-2.0,1.0,-1.0,0.2
Bradley Beal,WAS,19.7,.593,.249,.260,2.8,9.9,6.5,26.6,1.3,1.7,12.9,29.2,2.2,1.2,3.4,.099,2.9,-1.2,1.8,1.6
Malik Beasley,TOT,10.9,.531,.702,.069,1.8,12.5,7.3,8.4,1.5,0.4,8.5,21.1,-0.2,1.6,1.4,.032,-0.9,-1.0,-2.0,0.0
MarJon Beauchamp,MIL,8.2,.513,.584,.152,5.9,11.0,8.5,6.7,1.4,0.8,14.8,18.3,-0.4,0.8,0.4,.027,-4.1,-0.6,-4.8,-0.5
Dāvis Bertāns,DAL,11.9,.618,.881,.094,2.3,10.3,6.3,6.2,1.1,1.5,5.7,16.2,0.6,0.3,0.9,.090,0.0,-1.3,-1.2,0.1
Patrick Beverley,TOT,8.9,.534,.664,.181,2.7,12.0,7.5,13.3,1.7,2.0,13.4,10.6,0.8,2.1,3.0,.079,-2.9,1.7,-1.2,0.3
Saddiq Bey,TOT,14.6,.564,.500,.285,5.0,14.0,9.4,8.1,1.6,0.5,7.0,20.2,2.6,1.2,3.9,.087,0.9,-1.2,-0.3,0.9
Khem Birch,TOR,9.4,.629,.063,.156,5.2,12.8,8.7,5.8,1.5,3.0,19.0,11.1,0.1,0.2,0.2,.072,-4.6,1.1,-3.5,-0.1
Goga Bitadze,TOT,17.1,.582,.208,.336,15.0,18.7,16.8,12.1,1.7,5.3,13.3,15.4,0.8,0.6,1.3,.141,-0.8,1.1,0.3,0.3
Bismack Biyombo,PHO,14.4,.555,.000,.340,11.0,22.1,16.5,8.7,1.0,9.0,17.7,14.0,0.2,1.6,1.9,.102,-3.4,2.5,-0.9,0.2
Buddy Boeheim,DET,0.5,.287,.926,.074,2.4,5.1,3.7,5.8,1.1,0.0,0.0,13.2,-0.2,0.0,-0.2,-0.091,-7.5,-2.0,-9.5,-0.2
Bogdan Bogdanović,ATL,14.2,.586,.589,.126,1.6,10.4,6.0,13.4,1.4,1.0,9.2,19.8,1.8,1.0,2.8,.088,1.1,-0.7,0.5,0.9
Bojan Bogdanović,DET,17.4,.627,.400,.344,2.0,11.3,6.5,13.6,0.9,0.4,11.7,25.9,3.1,0.4,3.5,.090,2.6,-1.8,0.8,1.4
Bol Bol,ORL,14.4,.603,.236,.226,5.2,25.3,15.2,6.9,1.0,5.5,17.6,18.2,0.0,2.2,2.3,.072,-1.8,0.9,-0.9,0.4
Leandro Bolmaro,UTA,-5.0,.150,.200,.000,6.5,4.7,5.6,12.3,2.1,1.2,25.9,16.6,-0.4,0.0,-0.3,-0.231,-12.4,-2.3,-14.7,-0.2
Devin Booker,PHO,22.0,.601,.296,.336,2.7,12.0,7.2,27.3,1.4,0.9,10.6,31.8,4.2,1.9,6.0,.157,4.5,-0.3,4.2,2.9
Brandon Boston Jr.,LAC,13.4,.515,.238,.311,3.2,10.3,6.8,12.5,1.8,0.0,8.0,26.5,0.0,0.2,0.2,.040,-1.5,-0.7,-2.2,0.0
Chris Boucher,TOR,18.0,.590,.357,.318,10.9,21.2,15.7,2.7,1.5,4.1,6.4,18.0,3.0,2.0,5.0,.156,0.7,-0.8,-0.1,0.7
James Bouknight,CHO,6.2,.463,.565,.155,1.6,13.5,7.5,11.1,1.3,0.8,13.4,19.5,-0.8,0.4,-0.4,-0.040,-5.4,-1.1,-6.5,-0.6
Jamaree Bouyea,TOT,6.5,.504,.429,.143,1.6,8.4,4.9,7.8,2.8,2.9,21.2,11.8,-0.1,0.1,0.0,.013,-5.8,1.6,-4.2,0.0
Tony Bradley,CHI,21.7,.690,.417,.333,3.5,33.8,18.9,4.4,1.5,2.9,6.8,19.8,0.1,0.1,0.2,.220,4.4,0.5,4.9,0.1
Malaki Branham,SAS,9.5,.524,.417,.115,1.9,11.2,6.4,11.4,1.0,0.4,10.6,19.1,-0.4,0.2,-0.1,-0.004,-3.0,-2.1,-5.2,-1.3
Jarrell Brantley,UTA,18.5,.739,.643,.143,2.8,13.7,8.3,11.4,0.0,4.3,11.8,18.1,0.1,0.0,0.1,.160,3.1,0.4,3.5,0.1
Christian Braun,DEN,10.3,.568,.332,.221,4.8,12.6,8.8,6.4,1.7,1.3,9.9,13.0,0.7,1.2,1.9,.079,-2.5,0.1,-2.4,-0.1
Mikal Bridges,TOT,16.8,.587,.349,.279,2.9,10.8,6.8,13.7,1.5,1.8,8.2,22.6,4.4,3.1,7.5,.121,1.5,0.2,1.7,2.8
Oshae Brissett,IND,10.6,.520,.486,.455,6.4,16.0,11.2,5.4,1.4,1.0,8.2,16.1,0.4,0.7,1.1,.050,-2.0,-1.2,-3.2,-0.3
Malcolm Brogdon,BOS,18.2,.615,.406,.251,2.7,14.7,8.8,21.5,1.3,0.9,10.8,22.8,3.6,2.2,5.8,.161,2.3,0.6,2.8,2.1
Dillon Brooks,MEM,9.4,.494,.443,.155,2.2,9.5,5.8,11.7,1.4,0.7,8.9,21.8,-0.8,2.4,1.6,.034,-3.4,-0.5,-3.9,-1.1
Bruce Brown,DEN,13.3,.571,.343,.206,3.3,13.0,8.3,15.7,1.9,2.0,13.2,17.8,1.7,2.6,4.3,.090,-1.1,0.6,-0.5,0.9
Greg Brown III,POR,5.8,.421,.250,.429,2.5,21.2,11.7,4.5,2.1,4.8,15.3,18.4,-0.3,0.1,-0.1,-0.074,-8.5,0.0,-8.5,-0.2
Jaylen Brown,BOS,19.1,.581,.352,.249,3.6,17.0,10.4,16.5,1.5,0.9,11.4,31.4,1.6,3.4,5.0,.100,1.5,-0.2,1.3,2.0
Kendall Brown,IND,9.1,.571,.143,.286,5.6,11.1,8.3,9.7,4.7,0.0,20.2,10.4,0.0,0.1,0.1,.071,-7.0,4.0,-2.9,0.0
Moses Brown,TOT,22.2,.607,.000,.750,22.0,30.9,26.5,2.1,0.7,4.2,10.5,21.2,0.7,0.4,1.1,.179,0.6,-1.2,-0.6,0.1
Sterling Brown,LAL,7.0,.000,.500,.000,13.9,21.6,17.8,9.4,5.9,0.0,0.0,7.0,0.0,0.1,0.0,.040,-7.7,4.3,-3.3,0.0
Troy Brown Jr.,LAL,9.6,.561,.604,.084,3.7,13.7,8.9,6.6,1.5,0.7,9.2,12.1,1.0,2.0,2.9,.075,-1.8,0.8,-1.0,0.5
Jalen Brunson,NYK,21.2,.597,.269,.328,1.8,9.3,5.6,28.7,1.3,0.6,9.4,27.2,6.9,1.8,8.7,.175,4.4,-0.5,3.9,3.5
Thomas Bryant,TOT,19.7,.682,.160,.341,8.9,24.6,17.0,4.3,0.7,2.4,8.2,18.2,2.7,1.4,4.1,.183,1.1,-0.5,0.6,0.7
Reggie Bullock,DAL,7.7,.577,.845,.079,1.6,12.5,7.0,6.2,1.1,0.5,6.9,10.0,1.3,1.4,2.8,.056,-2.3,-0.3,-2.6,-0.4
Alec Burks,DET,16.5,.602,.521,.410,1.8,14.2,7.8,15.9,1.6,0.6,9.7,22.8,1.9,0.6,2.5,.109,1.8,-0.5,1.2,0.9
Deonte Burton,SAC,-12.6,.000,.500,.000,0.0,0.0,0.0,0.0,0.0,0.0,0.0,14.3,0.0,0.0,0.0,-0.347,-13.9,-10.4,-24.2,0.0
Jared Butler,OKC,13.0,.578,.438,.000,1.4,4.3,2.8,15.0,3.1,0.0,13.5,20.1,0.0,0.1,0.1,.061,-2.2,-0.4,-2.6,0.0
Jimmy Butler,MIA,27.6,.647,.116,.625,7.5,13.3,10.3,27.1,2.7,1.0,8.2,25.6,9.4,2.9,12.3,.277,6.7,2.0,8.7,5.8
John Butler,POR,5.7,.411,.660,.075,1.5,7.3,4.4,6.5,1.5,3.6,1.8,11.0,-0.1,0.1,0.0,.001,-5.4,-0.8,-6.2,-0.2
Jamal Cain,MIA,16.5,.647,.303,.333,7.1,18.7,12.7,7.6,2.3,0.4,7.3,15.1,0.5,0.3,0.8,.169,-0.5,1.3,0.8,0.2
Kentavious Caldwell-Pope,DEN,11.5,.598,.505,.198,1.7,8.1,5.0,9.8,2.3,1.3,11.1,14.1,2.0,2.5,4.5,.091,-1.6,0.6,-1.0,0.6
Facundo Campazzo,DAL,7.8,.360,.846,.154,0.0,4.5,2.2,22.6,5.7,0.0,17.8,14.7,-0.1,0.1,0.0,-0.012,-4.8,3.6,-1.2,0.0
Vlatko Čančar,DEN,11.0,.606,.507,.181,3.2,13.1,8.3,11.5,1.2,1.4,13.1,13.8,0.9,0.8,1.7,.093,-1.7,-0.1,-1.8,0.0
Clint Capela,ATL,22.1,.656,.002,.244,16.1,29.4,22.7,4.7,1.2,3.9,8.3,15.7,4.9,2.4,7.2,.201,2.3,-0.1,2.2,1.8
Vernon Carey Jr.,WAS,10.8,.338,.000,.250,12.4,30.6,21.8,13.3,3.5,6.0,18.4,16.9,-0.1,0.1,0.0,.014,-7.1,2.1,-5.0,0.0
Jevon Carter,MIL,10.9,.560,.596,.067,2.1,9.3,5.8,14.5,1.7,1.3,11.8,15.3,1.2,2.3,3.5,.092,-1.9,1.2,-0.6,0.6
Wendell Carter Jr.,ORL,17.3,.621,.367,.318,8.0,25.3,16.6,12.0,0.9,1.9,13.2,20.5,2.6,2.0,4.6,.130,0.9,0.1,1.0,1.3
Michael Carter-Williams,ORL,9.0,.498,.214,.500,2.6,10.3,6.4,22.6,1.1,2.2,19.0,20.6,0.0,0.0,0.0,-0.003,-5.1,-1.2,-6.3,0.0
Alex Caruso,CHI,11.5,.588,.528,.255,3.1,10.9,7.1,15.4,3.0,2.8,19.5,11.1,1.0,2.6,3.6,.109,-2.2,3.3,1.1,1.2
Julian Champagnie,TOT,13.4,.600,.631,.131,3.3,17.7,10.2,4.5,0.9,1.3,7.4,19.2,0.3,0.1,0.4,.061,-0.6,-2.7,-3.3,-0.1
Justin Champagnie,TOT,10.3,.367,.333,.000,9.6,17.1,13.1,16.3,1.4,0.0,0.0,19.2,0.0,0.0,0.0,.009,-5.1,-2.8,-7.9,-0.1
Kennedy Chandler,MEM,10.6,.440,.181,.157,3.4,10.9,7.2,26.4,2.0,1.6,16.9,15.8,-0.1,0.4,0.3,.044,-3.3,0.6,-2.7,0.0
Max Christie,LAL,7.4,.566,.585,.151,1.5,13.8,7.8,5.1,0.8,1.2,10.3,10.4,0.1,0.5,0.6,.058,-3.2,0.0,-3.1,-0.1
Josh Christopher,HOU,11.5,.523,.271,.182,2.8,7.2,5.0,14.3,2.0,1.9,14.4,21.9,-0.3,0.3,0.0,-0.001,-3.0,-1.4,-4.3,-0.5
Brandon Clarke,MEM,20.0,.682,.017,.393,9.0,21.2,15.1,9.5,1.5,3.1,11.8,17.7,2.7,1.8,4.5,.199,0.8,1.8,2.5,1.3
Jordan Clarkson,UTA,14.7,.558,.445,.238,4.0,9.3,6.7,20.9,0.8,0.6,14.0,27.8,0.9,0.8,1.7,.042,1.0,-2.4,-1.4,0.3
Nic Claxton,BRK,20.8,.691,.003,.419,9.3,25.1,17.4,9.3,1.4,7.1,12.1,15.4,5.2,4.0,9.2,.195,0.9,2.2,3.1,2.9
Amir Coffey,LAC,7.0,.498,.276,.434,3.1,6.4,4.7,11.2,0.5,0.7,10.8,13.5,0.1,0.3,0.4,.033,-4.3,-0.7,-5.0,-0.5
John Collins,ATL,13.6,.593,.339,.252,3.9,20.0,11.9,5.3,0.9,2.9,9.1,17.1,2.1,2.1,4.2,.095,-1.4,0.2,-1.3,0.4
Zach Collins,SAS,16.4,.599,.268,.259,8.5,22.5,15.2,18.0,1.2,2.8,17.4,21.2,1.2,1.0,2.2,.074,-0.5,0.3,-0.2,0.6
Chance Comanche,POR,12.2,.518,.000,.800,10.9,5.5,8.2,0.0,0.0,4.2,0.0,14.0,0.0,0.0,0.0,.043,-2.6,-4.9,-7.5,0.0
Mike Conley,TOT,14.7,.583,.575,.277,1.8,7.9,4.9,29.4,1.7,0.6,13.1,16.3,4.1,1.4,5.5,.130,1.0,-0.1,0.9,1.5
Pat Connaughton,MIL,10.0,.531,.765,.097,3.8,16.2,10.2,6.9,1.2,0.6,7.0,13.8,0.7,1.8,2.5,.085,-1.3,0.3,-1.0,0.3
Xavier Cooks,WAS,14.3,.586,.036,.357,14.7,18.7,16.8,6.4,2.3,2.7,19.8,13.9,0.1,0.2,0.2,.094,-3.2,-0.4,-3.6,-0.1
Robert Covington,LAC,14.2,.584,.594,.175,4.5,19.2,11.9,10.2,2.4,3.7,11.5,15.6,0.7,1.2,1.9,.117,-0.5,2.1,1.7,0.7
Torrey Craig,PHO,11.6,.566,.506,.090,8.1,16.3,12.1,7.9,1.3,2.9,12.3,13.0,1.5,2.5,4.0,.098,-1.3,0.7,-0.6,0.7
Jae Crowder,MIL,14.6,.624,.585,.128,5.4,15.3,10.6,10.6,1.7,1.4,6.6,13.2,0.7,0.5,1.2,.165,0.1,1.1,1.2,0.3
Jarrett Culver,ATL,9.5,.452,.279,.302,7.9,22.6,15.2,5.5,2.1,1.2,12.6,17.1,-0.1,0.2,0.0,.014,-4.8,0.6,-4.2,-0.1
Cade Cunningham,DET,14.0,.492,.272,.192,3.2,17.7,10.3,30.7,1.2,1.5,13.8,30.0,-0.4,0.2,-0.1,-0.018,-0.1,-0.6,-0.7,0.1
Seth Curry,BRK,12.3,.593,.517,.122,1.2,7.9,4.6,11.9,1.5,0.5,9.7,19.2,0.9,0.9,1.8,.070,-1.2,-0.9,-2.1,0.0
Stephen Curry,GSW,24.1,.656,.564,.248,2.3,16.8,9.7,30.0,1.3,0.9,12.5,31.0,5.8,2.0,7.8,.192,7.5,0.1,7.5,4.7
Dyson Daniels,NOP,8.8,.503,.413,.192,3.9,16.5,10.2,16.4,2.0,1.0,20.2,11.6,-0.1,1.4,1.3,.061,-3.4,1.6,-1.8,0.0
Anthony Davis,LAL,27.8,.627,.077,.462,11.3,27.6,19.7,13.0,1.5,5.1,9.5,28.4,5.5,3.4,9.0,.226,4.6,1.7,6.3,4.0
Johnny Davis,WAS,7.2,.446,.409,.158,2.7,13.9,8.5,9.2,1.2,1.6,8.5,20.5,-0.6,0.3,-0.3,-0.033,-5.8,-1.7,-7.4,-0.6
Terence Davis,SAC,12.9,.563,.668,.118,2.7,16.1,9.4,11.1,2.4,1.2,12.2,22.2,0.0,0.9,0.9,.054,-1.3,-0.3,-1.5,0.1
JD Davison,BOS,10.1,.478,.368,.105,3.4,11.4,7.4,22.4,1.5,2.6,16.8,15.8,0.0,0.1,0.1,.059,-4.5,0.4,-4.2,0.0
Darius Days,HOU,18.3,.582,.833,.167,4.3,22.2,13.2,6.2,0.0,3.9,0.0,21.4,0.1,0.0,0.1,.156,4.7,-1.2,3.5,0.0
Dewayne Dedmon,TOT,15.5,.577,.258,.325,9.1,28.3,18.5,9.5,1.1,4.4,12.7,20.6,0.3,0.7,1.0,.115,-2.6,1.0,-1.6,0.0
Matthew Dellavedova,SAC,6.7,.443,.540,.140,0.5,6.4,3.5,23.4,1.6,0.0,15.9,12.7,0.0,0.1,0.1,.021,-4.4,-0.8,-5.2,-0.2
DeMar DeRozan,CHI,20.6,.592,.109,.401,1.5,12.8,7.2,22.3,1.5,1.3,9.1,27.8,5.4,3.2,8.5,.153,1.7,0.3,2.0,2.6
Moussa Diabaté,LAC,14.2,.546,.043,.340,18.0,10.8,14.4,2.8,1.8,3.6,14.3,14.1,0.2,0.2,0.4,.105,-1.9,-0.8,-2.8,0.0
Mamadi Diakite,CLE,9.0,.560,.420,.040,5.4,14.7,10.0,6.3,1.1,4.7,19.1,16.0,-0.1,0.3,0.2,.051,-4.9,1.6,-3.4,-0.1
Hamidou Diallo,DET,15.7,.593,.056,.395,6.2,15.7,10.8,9.2,2.6,1.4,13.9,21.8,0.4,0.9,1.3,.063,-1.8,0.4,-1.4,0.1
Gorgui Dieng,SAS,9.9,.493,.641,.111,7.9,25.4,16.3,19.4,0.5,3.2,20.7,17.9,-0.2,0.2,0.0,.001,-4.0,0.1,-3.9,-0.2
Ousmane Dieng,OKC,9.3,.505,.541,.127,3.5,16.5,9.9,10.7,1.2,1.1,12.0,15.9,-0.1,0.6,0.4,.038,-3.1,-0.5,-3.6,-0.2
Spencer Dinwiddie,TOT,16.0,.573,.467,.314,1.2,10.2,5.7,28.1,1.2,0.8,10.8,22.1,4.5,1.8,6.3,.111,1.6,-0.9,0.7,1.8
Donte DiVincenzo,GSW,12.8,.593,.700,.131,4.7,14.0,9.4,17.3,2.4,0.5,16.4,15.1,1.9,2.3,4.2,.106,-0.6,1.3,0.7,1.3
Luka Dončić,DAL,28.7,.609,.373,.479,2.6,25.4,13.8,42.3,1.9,1.2,11.9,37.6,7.3,2.9,10.2,.204,7.6,1.4,8.9,6.6
Tyler Dorsey,DAL,45.5,.900,.400,.000,14.4,14.7,14.5,0.0,0.0,0.0,0.0,28.3,0.1,0.0,0.1,.367,17.0,0.8,17.8,0.0
Luguentz Dort,OKC,11.3,.513,.468,.297,5.9,10.4,8.1,9.2,1.6,0.9,8.5,19.8,0.9,2.1,2.9,.062,-2.0,-1.0,-3.0,-0.6
Ayo Dosunmu,CHI,10.2,.567,.332,.144,2.5,9.3,5.9,13.2,1.4,1.2,14.0,14.9,0.7,2.2,2.9,.067,-3.0,0.6,-2.5,-0.2
Devon Dotson,WAS,4.8,.150,.400,.000,13.1,8.1,10.5,17.6,4.6,0.0,23.1,10.7,-0.1,0.1,0.0,-0.025,-7.0,1.8,-5.3,0.0
Jeff Dowtin,TOR,9.9,.500,.281,.158,2.4,8.0,5.0,15.5,1.7,1.1,7.6,10.9,0.2,0.2,0.4,.076,-2.8,0.9,-1.9,0.0
PJ Dozier,SAC,5.2,.333,.485,.000,1.5,18.7,10.1,16.3,3.6,1.1,13.2,20.6,-0.3,0.1,-0.2,-0.097,-8.6,0.7,-7.8,-0.1
Goran Dragić,TOT,10.3,.514,.433,.134,2.1,8.2,5.2,24.3,0.7,0.4,15.1,21.1,-0.3,0.7,0.4,.025,-2.1,-1.8,-3.9,-0.4
Andre Drummond,CHI,20.8,.606,.011,.456,18.7,40.2,29.6,5.7,2.6,3.1,18.6,21.0,0.8,2.0,2.8,.159,-1.2,0.5,-0.8,0.3
Chris Duarte,IND,8.6,.496,.523,.216,2.4,11.9,7.1,9.7,1.3,0.9,10.1,19.0,-0.5,0.4,0.0,-0.003,-2.9,-1.6,-4.5,-0.6
David Duke Jr.,BRK,8.3,.497,.154,.218,5.5,8.7,7.1,13.1,2.1,0.4,17.4,20.1,-0.3,0.2,-0.1,-0.011,-6.3,-1.0,-7.3,-0.3
Kris Dunn,UTA,19.1,.606,.167,.245,1.7,17.1,9.5,32.3,2.1,1.5,12.8,20.2,1.3,0.6,1.9,.162,0.7,1.7,2.4,0.6
Kevin Durant,TOT,25.9,.677,.267,.387,1.2,19.5,10.5,24.5,1.0,3.4,13.4,30.7,4.7,2.1,6.8,.194,6.0,1.2,7.1,3.9
Jalen Duren,DET,17.3,.655,.005,.394,14.7,25.1,19.7,6.8,1.3,3.1,16.5,14.3,2.9,1.6,4.5,.129,-0.4,-0.4,-0.8,0.5
Tari Eason,HOU,15.2,.525,.261,.220,12.0,18.9,15.4,7.4,2.6,2.6,12.2,19.3,0.9,1.7,2.6,.070,-1.3,-0.4,-1.7,0.1
Anthony Edwards,MIN,17.4,.564,.375,.274,1.9,15.9,9.0,19.3,2.1,1.8,13.0,29.9,0.2,3.6,3.8,.064,1.0,0.0,1.0,2.1
Kessler Edwards,TOT,8.4,.502,.591,.161,6.9,11.1,9.0,7.5,1.7,1.4,11.5,12.7,0.1,0.3,0.4,.048,-3.2,-0.7,-3.9,-0.2
Keon Ellis,SAC,14.0,.629,.750,.438,6.5,6.4,6.4,10.5,3.4,1.2,5.0,12.1,0.2,0.1,0.2,.162,-0.1,1.4,1.3,0.1
Joel Embiid,PHI,31.4,.655,.151,.581,5.9,28.3,17.3,22.9,1.4,4.6,11.9,37.0,8.4,3.9,12.3,.259,6.8,2.3,9.2,6.4
Drew Eubanks,POR,16.2,.666,.054,.374,9.5,20.9,15.2,9.2,1.2,5.7,14.7,12.5,2.9,1.6,4.4,.134,-0.9,0.9,0.1,0.8
Bruno Fernando,TOT,16.6,.571,.036,.446,14.5,22.8,18.6,10.8,0.7,8.1,15.7,16.3,0.5,0.4,0.9,.109,-2.8,0.7,-2.0,0.0
Dorian Finney-Smith,TOT,9.2,.523,.675,.118,6.5,11.5,9.0,6.7,1.4,1.6,10.5,13.2,0.6,1.6,2.1,.051,-1.7,-0.3,-2.0,0.0
Malachi Flynn,TOR,8.7,.479,.550,.136,2.3,10.8,6.2,13.7,1.5,0.6,8.9,17.4,0.0,0.5,0.5,.034,-3.3,-0.8,-4.1,-0.4
Simone Fontecchio,UTA,8.0,.495,.612,.141,4.4,7.7,6.1,7.5,0.9,0.9,10.5,20.2,-0.4,0.3,-0.1,-0.004,-3.0,-2.1,-5.2,-0.6
Bryn Forbes,MIN,6.2,.497,.554,.181,1.7,4.5,3.1,8.2,1.2,0.7,11.8,16.2,-0.2,0.2,0.0,.000,-4.8,-1.5,-6.3,-0.3
Trent Forrest,ATL,6.1,.424,.033,.050,2.0,12.8,7.3,16.5,1.2,0.6,19.7,11.6,-0.2,0.2,-0.1,-0.011,-5.3,0.2,-5.1,-0.2
Michael Foster Jr.,PHI,0.0,,,,0.0,0.0,0.0,0.0,0.0,0.0,,0.0,0.0,0.0,0.0,.010,-7.2,-1.9,-9.2,0.0
Evan Fournier,NYK,6.9,.471,.687,.127,1.0,10.8,5.9,10.6,1.7,0.6,11.2,18.4,-0.3,0.4,0.1,.010,-4.0,0.0,-4.0,-0.2
De'Aaron Fox,SAC,21.8,.599,.276,.331,1.9,12.4,7.2,29.6,1.6,0.8,10.6,30.1,5.5,1.8,7.4,.146,3.4,-0.9,2.5,2.7
Markelle Fultz,ORL,16.6,.564,.128,.211,4.4,10.5,7.4,29.8,2.4,1.4,15.8,21.3,1.7,2.0,3.7,.100,-0.1,0.7,0.5,1.2
Wenyen Gabriel,LAL,14.4,.626,.138,.323,12.6,17.2,15.0,4.8,1.2,2.9,13.4,14.1,1.5,1.3,2.8,.132,-2.3,0.1,-2.2,-0.1
Daniel Gafford,WAS,19.7,.739,.000,.473,11.7,18.0,15.0,7.5,1.0,5.2,15.1,15.2,4.2,1.9,6.1,.184,0.4,0.6,1.0,1.2
Darius Garland,CLE,18.8,.587,.365,.284,1.3,7.6,4.5,34.1,1.7,0.3,13.5,26.9,4.5,3.0,7.6,.148,3.2,-0.7,2.4,2.7
Usman Garuba,HOU,12.9,.569,.333,.266,13.4,21.4,17.4,8.8,2.2,2.9,19.2,10.5,0.9,0.9,1.8,.091,-2.0,0.6,-1.4,0.2
Luka Garza,MIN,23.0,.652,.336,.448,15.5,13.5,14.5,11.8,0.6,0.7,9.2,26.9,0.9,0.2,1.1,.211,2.2,-2.6,-0.4,0.1
Rudy Gay,UTA,9.0,.475,.453,.171,4.4,17.0,10.8,9.4,1.1,1.9,10.7,17.7,-0.4,0.7,0.3,.018,-3.6,-0.4,-4.0,-0.4
Paul George,LAC,19.6,.588,.424,.293,2.6,17.0,9.9,24.2,2.1,0.9,13.4,29.5,2.3,2.3,4.6,.114,2.4,0.3,2.8,2.3
Taj Gibson,WAS,11.4,.585,.192,.336,7.7,13.6,10.8,9.6,1.5,2.1,15.3,15.3,0.4,0.5,0.8,.082,-3.6,0.5,-3.2,-0.1
Josh Giddey,OKC,17.1,.533,.209,.130,6.6,20.9,13.6,29.9,1.1,1.2,15.1,24.6,1.3,2.7,4.0,.081,1.5,-0.3,1.2,1.9
Shai Gilgeous-Alexander,OKC,27.2,.626,.122,.535,2.6,12.2,7.3,25.7,2.2,2.5,10.1,32.8,8.4,3.0,11.4,.226,5.7,1.5,7.3,5.6
Anthony Gill,WAS,11.1,.604,.220,.508,6.9,10.6,8.8,7.2,0.5,1.6,8.5,12.3,1.0,0.4,1.3,.101,-2.4,-0.9,-3.3,-0.2
Jacob Gilyard,MEM,7.3,.500,1.000,.000,0.0,10.3,5.2,19.4,3.5,0.0,40.0,5.1,0.0,0.1,0.1,.079,-7.8,1.7,-6.1,0.0
Rudy Gobert,MIN,18.9,.675,.005,.623,12.2,29.8,21.2,5.6,1.2,3.9,14.9,16.3,4.3,3.5,7.8,.174,0.0,0.7,0.7,1.4
Jordan Goodwin,WAS,14.8,.531,.334,.195,6.0,14.3,10.3,20.8,2.6,2.0,12.9,17.3,0.9,1.3,2.2,.097,-0.7,1.4,0.7,0.8
Aaron Gordon,DEN,19.5,.617,.227,.413,9.4,15.4,12.5,14.2,1.3,2.2,9.8,21.1,4.6,2.2,6.8,.158,2.4,-0.3,2.1,2.1
Eric Gordon,TOT,11.8,.587,.545,.265,0.9,6.7,3.8,13.4,1.1,1.2,12.5,17.8,1.8,0.5,2.3,.056,-0.5,-1.4,-1.9,0.1
Devonte' Graham,TOT,12.5,.552,.784,.304,1.6,8.7,5.1,19.4,1.6,1.1,9.8,17.1,1.5,1.0,2.5,.091,0.1,-0.2,-0.1,0.6
Jerami Grant,POR,16.0,.606,.393,.375,2.7,11.9,7.2,10.3,1.1,2.1,9.8,22.8,3.1,1.0,4.1,.087,1.2,-1.4,-0.2,1.0
RaiQuan Gray,BRK,15.5,.621,.417,.167,9.9,18.8,14.4,29.0,0.0,2.4,23.7,21.4,0.0,0.0,0.1,.106,-0.6,-1.4,-2.0,0.0
A.J. Green,MIL,11.5,.607,.840,.032,1.9,11.3,6.8,8.7,0.8,0.0,6.6,16.6,0.5,0.3,0.8,.111,-0.3,-0.6,-0.9,0.1
Danny Green,TOT,10.8,.617,.755,.020,2.5,9.1,5.8,6.1,2.2,2.0,16.8,18.9,0.0,0.2,0.2,.059,-2.1,0.2,-1.9,0.0
Draymond Green,GSW,12.2,.592,.276,.228,3.2,21.6,12.6,27.8,1.5,2.3,28.1,13.2,1.6,3.1,4.7,.098,-1.8,2.6,0.8,1.6
Jalen Green,HOU,14.5,.538,.408,.341,1.8,10.3,6.0,17.3,1.1,0.7,11.3,28.1,1.4,0.5,1.8,.034,0.5,-2.6,-2.1,0.0
JaMychal Green,GSW,15.5,.650,.440,.266,10.1,18.0,14.1,8.9,1.5,2.5,15.6,17.5,1.2,1.0,2.2,.133,-0.7,0.2,-0.5,0.3
Javonte Green,CHI,14.5,.646,.324,.417,6.5,14.2,10.4,6.4,2.4,4.2,13.5,13.6,0.6,0.8,1.4,.142,-1.1,2.5,1.4,0.4
Jeff Green,DEN,11.0,.576,.317,.357,4.1,10.9,7.6,8.3,0.8,1.4,10.8,17.0,0.8,0.8,1.7,.074,-2.4,-1.0,-3.4,-0.4
Josh Green,DAL,11.2,.645,.442,.246,4.1,9.7,6.9,9.7,1.4,0.3,14.5,14.6,1.7,0.9,2.6,.082,-1.9,-0.6,-2.4,-0.2
AJ Griffin,ATL,12.6,.577,.486,.088,2.9,9.2,6.0,7.0,1.4,0.7,7.1,17.9,1.3,0.9,2.2,.075,-0.3,-0.5,-0.8,0.4
Blake Griffin,BOS,13.1,.590,.508,.246,9.2,20.4,14.9,14.2,1.2,1.4,13.2,12.7,1.0,0.8,1.8,.153,-1.4,1.5,0.1,0.3
Quentin Grimes,NYK,11.7,.619,.676,.163,2.5,9.4,5.9,9.7,1.1,1.2,9.7,14.4,3.2,1.6,4.8,.108,-0.3,0.1,-0.1,1.0
Rui Hachimura,TOT,13.2,.556,.274,.204,4.1,16.5,10.5,5.8,0.6,1.5,7.7,20.2,0.6,1.3,1.8,.060,-1.3,-1.0,-2.2,-0.1
Tyrese Haliburton,IND,23.6,.624,.478,.239,1.9,10.1,6.0,47.6,2.3,1.1,13.2,23.8,6.4,1.2,7.6,.195,7.0,0.2,7.2,4.4
Jordan Hall,SAS,5.5,.438,.536,.321,3.8,12.3,7.9,17.0,0.6,0.0,18.0,19.4,-0.1,0.0,-0.1,-0.077,-4.7,-2.9,-7.6,-0.1
R.J. Hampton,TOT,10.8,.558,.489,.321,2.6,10.5,6.5,10.4,1.7,1.1,13.4,17.8,0.1,0.5,0.7,.042,-2.3,-0.6,-2.9,-0.2
Tim Hardaway Jr.,DAL,12.1,.554,.649,.195,1.1,12.6,6.8,9.0,1.1,0.5,6.1,20.6,1.0,1.3,2.3,.051,-0.3,-1.5,-1.8,0.1
James Harden,PHI,21.6,.607,.496,.429,2.3,17.1,9.8,43.3,1.6,1.4,16.3,25.0,5.8,2.6,8.4,.188,5.1,0.3,5.4,4.0
Jaden Hardy,DAL,14.6,.571,.468,.237,1.8,13.0,7.3,14.9,1.2,0.9,11.1,26.4,0.2,0.5,0.7,.048,-0.4,-1.9,-2.3,0.0
Ron Harper Jr.,TOR,15.7,.608,.563,.063,6.6,10.2,8.3,11.9,0.0,2.0,0.0,14.6,0.1,0.0,0.2,.158,2.4,-1.2,1.2,0.0
Montrezl Harrell,PHI,17.6,.631,.029,.483,11.8,15.7,13.8,7.4,1.2,3.4,12.1,18.9,1.3,0.8,2.2,.153,-0.9,-0.4,-1.3,0.1
Gary Harris,ORL,10.5,.620,.710,.098,2.0,7.4,4.7,6.9,1.8,1.0,8.0,12.6,1.3,1.1,2.3,.095,-1.4,0.7,-0.7,0.4
Joe Harris,BRK,10.6,.621,.757,.064,1.7,10.1,6.0,9.1,1.1,0.7,8.3,14.3,1.5,1.1,2.6,.083,-0.6,-0.6,-1.1,0.3
Kevon Harris,ORL,9.2,.564,.402,.383,6.9,10.4,8.7,4.7,1.8,1.1,14.4,13.7,0.2,0.4,0.6,.065,-3.5,-0.1,-3.6,-0.2
Tobias Harris,PHI,14.8,.602,.383,.153,3.3,17.0,10.3,11.4,1.4,1.5,9.0,18.2,3.1,2.8,5.9,.116,0.6,0.1,0.7,1.7
Shaquille Harrison,POR,17.9,.516,.278,.417,1.0,20.3,10.5,34.9,4.5,1.5,12.3,17.6,0.2,0.2,0.3,.137,-2.5,2.6,0.1,0.1
Josh Hart,TOT,14.1,.622,.315,.338,6.5,21.0,13.7,16.1,1.8,0.8,16.4,12.6,3.8,2.2,6.0,.118,-0.2,1.1,0.9,1.8
Isaiah Hartenstein,NYK,14.2,.567,.113,.217,14.1,22.2,18.1,8.3,1.6,3.7,15.6,11.2,2.2,2.4,4.6,.136,-1.5,1.2,-0.3,0.7
Udonis Haslem,MIA,6.2,.433,.310,.172,6.4,12.0,9.1,0.0,0.7,2.9,3.1,20.1,-0.1,0.1,0.0,-0.009,-8.2,-3.9,-12.1,-0.2
Sam Hauser,BOS,12.7,.634,.846,.043,3.0,14.1,8.6,7.6,1.1,1.4,6.9,14.7,1.8,1.6,3.4,.128,0.6,0.4,1.0,1.0
Jaxson Hayes,NOP,13.7,.605,.186,.532,7.3,17.3,12.3,7.7,1.6,3.0,13.9,15.7,0.6,0.9,1.5,.118,-2.2,1.0,-1.2,0.1
Killian Hayes,DET,10.2,.455,.351,.137,1.4,10.2,5.7,32.3,2.3,1.1,16.7,20.5,-1.9,1.4,-0.5,-0.012,-3.3,-0.5,-3.8,-1.0
Gordon Hayward,CHO,13.5,.563,.275,.274,2.2,12.6,7.3,19.3,1.3,0.7,13.2,20.0,0.8,1.1,2.0,.059,-1.1,-0.3,-1.4,0.2
Juancho Hernangómez,TOR,7.6,.504,.588,.140,4.6,19.1,11.3,5.2,1.3,0.9,11.0,9.4,0.1,0.6,0.7,.053,-3.5,0.2,-3.3,-0.2
Willy Hernangómez,NOP,20.7,.610,.065,.615,14.4,30.1,22.3,10.7,1.8,2.7,15.4,23.8,0.8,0.8,1.6,.171,-0.2,0.5,0.3,0.3
Tyler Herro,MIA,15.3,.566,.484,.164,1.3,17.3,9.0,19.9,1.1,0.7,11.7,25.6,1.1,2.4,3.5,.072,1.5,-0.8,0.6,1.6
Buddy Hield,IND,15.4,.614,.652,.124,3.0,14.9,8.9,13.3,1.8,0.9,11.3,20.8,2.7,1.6,4.4,.085,2.5,-0.6,1.9,2.4
Haywood Highsmith,MIA,8.5,.517,.505,.130,6.7,16.4,11.4,6.2,1.9,1.8,16.5,12.5,-0.3,1.3,0.9,.046,-3.7,0.7,-3.1,-0.3
George Hill,TOT,10.6,.610,.572,.331,2.0,8.6,5.4,16.7,1.5,0.6,15.2,11.3,1.1,0.8,1.9,.107,-2.4,0.9,-1.5,0.1
Malcolm Hill,CHI,15.4,.625,.750,.000,0.0,37.2,18.9,0.0,0.0,0.0,0.0,19.7,0.0,0.0,0.0,.125,1.6,0.8,2.4,0.0
Aaron Holiday,ATL,9.4,.528,.400,.145,3.2,6.4,4.8,13.0,2.1,1.2,13.3,13.4,0.3,0.6,0.9,.053,-2.9,0.9,-2.0,0.0
Jrue Holiday,MIL,19.2,.586,.402,.173,3.9,12.0,8.1,34.4,1.7,0.9,15.2,25.0,3.9,2.8,6.7,.148,3.0,0.1,3.1,2.8
Justin Holiday,TOT,6.6,.494,.701,.039,0.8,8.1,4.4,7.5,1.3,2.3,9.6,14.1,-0.4,0.5,0.1,.008,-3.7,-0.1,-3.9,-0.3
Richaun Holmes,SAC,12.9,.668,.090,.213,9.6,16.6,13.1,3.5,0.4,2.8,12.6,13.7,0.6,0.3,0.8,.113,-2.0,-0.9,-2.9,-0.1
Al Horford,BOS,13.8,.631,.678,.044,4.2,17.7,11.1,13.2,0.8,2.7,7.0,11.9,3.6,2.7,6.3,.157,1.6,1.7,3.3,2.5
Talen Horton-Tucker,UTA,13.7,.508,.331,.274,3.4,13.7,8.6,27.4,1.5,1.9,15.5,25.9,-0.3,1.1,0.8,.029,-1.1,-0.5,-1.6,0.2
Danuel House Jr.,PHI,9.4,.600,.558,.305,1.3,12.2,6.9,7.5,0.9,1.0,10.4,13.8,0.6,0.7,1.3,.075,-2.5,-0.5,-3.0,-0.2
Caleb Houstan,ORL,6.2,.508,.747,.099,4.7,9.1,6.9,4.9,0.7,0.8,8.7,11.0,0.1,0.5,0.7,.039,-3.1,-0.9,-4.0,-0.4
Trevor Hudgins,HOU,4.2,.436,.889,.333,0.0,0.0,0.0,13.9,0.0,0.0,8.8,16.8,0.0,0.0,0.0,-0.035,-3.8,-4.7,-8.4,0.0
Kevin Huerter,SAC,15.2,.617,.589,.151,2.2,10.8,6.5,14.1,1.7,1.0,9.5,19.9,3.3,1.7,4.9,.107,1.4,-0.3,1.0,1.7
Jay Huff,WAS,22.3,.796,.480,.640,7.3,16.9,12.3,14.7,1.5,3.6,13.5,16.9,0.4,0.1,0.5,.261,2.8,1.2,4.0,0.1
De'Andre Hunter,ATL,11.5,.563,.348,.252,2.3,12.4,7.3,6.0,0.8,0.7,8.2,19.7,1.4,1.2,2.5,.057,-1.9,-1.4,-3.3,-0.7
Bones Hyland,TOT,14.9,.535,.552,.179,2.1,11.8,7.1,23.4,1.8,1.2,11.7,28.0,0.3,1.1,1.4,.062,0.4,-1.2,-0.8,0.3
Serge Ibaka,MIL,9.8,.553,.333,.241,8.8,15.7,12.4,2.9,0.5,3.1,15.6,16.1,0.0,0.2,0.2,.058,-4.6,0.0,-4.5,-0.1
Andre Iguodala,GSW,7.3,.521,.600,.200,3.0,13.4,8.3,20.3,1.7,2.3,35.5,9.4,0.0,0.1,0.1,.044,-4.3,1.7,-2.5,0.0
Joe Ingles,MIL,10.7,.616,.819,.085,1.4,11.1,6.4,18.4,1.5,0.5,17.6,12.6,1.1,1.2,2.3,.107,-1.6,0.8,-0.7,0.3
Brandon Ingram,NOP,19.2,.582,.196,.326,1.7,16.4,9.1,28.1,1.0,1.2,13.4,30.8,1.8,1.7,3.5,.108,2.2,-0.4,1.7,1.4
Kyrie Irving,TOT,22.4,.613,.412,.227,3.0,12.3,7.7,25.4,1.4,1.7,8.8,28.9,5.4,2.0,7.4,.159,4.8,-0.7,4.1,3.5
Jonathan Isaac,ORL,20.3,.483,.283,.170,13.7,26.5,20.1,7.3,5.5,3.1,6.6,21.1,0.0,0.3,0.3,.130,1.0,3.0,4.0,0.2
Jaden Ivey,DET,12.1,.528,.356,.362,3.4,10.7,6.9,26.2,1.3,0.7,17.2,25.4,-0.9,0.8,0.0,-0.001,-1.4,-1.9,-3.3,-0.7
Frank Jackson,UTA,-6.8,.000,.333,.000,21.9,21.3,21.6,22.7,0.0,0.0,0.0,25.1,0.0,0.0,0.0,-0.378,-12.5,-9.8,-22.2,0.0
Isaiah Jackson,IND,17.5,.595,.044,.459,12.1,18.0,15.0,7.0,1.4,7.7,11.8,17.4,1.5,1.2,2.7,.124,-1.7,0.9,-0.8,0.3
Jaren Jackson Jr.,MEM,21.6,.613,.343,.372,6.4,18.8,12.6,5.0,1.7,9.6,10.1,24.7,2.8,3.8,6.6,.177,0.7,2.0,2.8,2.2
Justin Jackson,BOS,6.3,.359,.741,.074,2.1,15.1,8.7,10.5,1.8,3.2,6.7,12.2,-0.1,0.2,0.1,.025,-4.2,1.6,-2.6,0.0
Quenton Jackson,WAS,12.2,.542,.286,.524,1.7,4.8,3.3,15.1,1.4,0.6,7.2,17.9,0.1,0.1,0.2,.078,-3.7,-1.5,-5.1,-0.1
Reggie Jackson,TOT,10.0,.514,.450,.122,1.7,8.0,4.9,20.0,1.4,0.3,14.6,20.8,-0.6,1.2,0.6,.018,-2.9,-1.1,-3.9,-0.8
LeBron James,LAL,23.9,.583,.309,.268,3.7,20.8,12.5,33.5,1.2,1.4,11.6,33.3,3.2,2.4,5.6,.138,5.5,0.6,6.1,4.0
Ty Jerome,GSW,12.8,.594,.372,.169,1.0,9.4,5.3,22.1,1.3,0.5,10.3,14.9,1.4,0.7,2.1,.124,-1.1,0.3,-0.8,0.3
Isaiah Joe,OKC,14.5,.626,.776,.197,2.0,11.6,6.7,8.7,1.6,0.5,6.6,17.7,2.5,1.3,3.8,.131,1.3,-0.4,0.9,1.0
Alize Johnson,SAS,4.3,.509,.333,.333,7.0,30.3,18.2,4.2,1.6,0.0,36.8,15.0,-0.1,0.0,-0.1,-0.099,-7.4,-1.7,-9.1,-0.1
Cameron Johnson,TOT,17.1,.617,.538,.253,3.2,14.0,8.6,9.6,2.0,1.0,6.6,20.6,2.1,1.4,3.5,.142,2.0,0.6,2.6,1.4
Jalen Johnson,ATL,14.1,.554,.323,.242,5.3,24.6,14.8,10.4,1.7,2.8,10.3,16.0,0.8,1.3,2.1,.099,-1.2,1.5,0.3,0.6
James Johnson,IND,8.4,.486,.306,.163,2.7,17.8,10.3,12.6,2.1,3.2,13.2,15.7,-0.1,0.2,0.1,.017,-5.7,1.2,-4.4,-0.1
Keldon Johnson,SAS,15.3,.551,.366,.294,2.9,14.4,8.4,13.7,1.1,0.4,9.6,27.9,0.7,0.5,1.3,.030,0.7,-2.5,-1.8,0.1
Keon Johnson,POR,9.0,.482,.455,.230,3.0,9.2,6.1,20.9,2.2,1.3,18.0,25.0,-0.7,0.2,-0.5,-0.057,-3.8,-1.6,-5.4,-0.4
Stanley Johnson,SAS,13.5,.625,.328,.320,4.9,17.7,11.1,19.0,1.6,1.1,19.2,15.2,0.5,0.3,0.7,.076,-0.8,-0.2,-1.0,0.1
Nikola Jokić,DEN,31.5,.701,.146,.406,8.5,31.3,20.2,46.6,1.8,1.8,17.0,27.2,11.2,3.8,14.9,.308,8.5,4.5,13.0,8.8
Carlik Jones,CHI,11.1,.540,.400,.533,2.1,8.0,5.1,13.9,1.7,0.0,9.7,16.2,0.0,0.1,0.1,.078,-2.8,0.4,-2.5,0.0
Damian Jones,TOT,12.9,.719,.198,.337,9.7,17.7,13.8,4.1,0.8,3.7,18.9,10.7,0.7,0.5,1.2,.119,-2.0,0.3,-1.7,0.0
Derrick Jones Jr.,CHI,13.8,.597,.348,.365,7.7,11.6,9.7,5.1,1.6,4.0,8.6,14.5,1.2,1.2,2.4,.131,-1.2,0.8,-0.4,0.3
Herbert Jones,NOP,12.1,.567,.333,.321,5.6,10.0,7.8,11.1,2.6,2.1,13.3,14.5,1.5,2.7,4.2,.104,-1.9,1.7,-0.3,0.8
Kai Jones,CHO,10.8,.597,.158,.217,7.0,17.0,11.9,3.7,1.5,4.7,19.1,12.4,0.0,0.7,0.7,.062,-4.8,0.8,-4.0,-0.3
Tre Jones,SAS,16.0,.534,.213,.231,3.0,10.8,6.7,31.5,2.1,0.4,11.8,19.3,2.6,0.8,3.4,.082,-0.2,-0.8,-1.0,0.5
Tyus Jones,MEM,16.0,.546,.459,.141,1.5,9.4,5.5,28.8,2.0,0.3,8.9,17.7,3.4,2.3,5.7,.141,1.2,0.3,1.6,1.7
DeAndre Jordan,DEN,14.7,.731,.009,.417,10.5,28.6,19.8,7.7,1.0,3.5,26.1,13.7,0.5,0.9,1.4,.112,-2.4,0.7,-1.8,0.0
Cory Joseph,DET,12.1,.558,.513,.205,1.8,7.9,4.8,25.4,1.3,0.6,12.8,15.2,1.5,0.3,1.8,.070,-0.7,-0.8,-1.5,0.2
Nikola Jović,MIA,10.6,.530,.507,.275,5.0,13.1,8.9,7.3,1.7,1.0,11.4,19.0,0.0,0.2,0.2,.053,-3.4,0.0,-3.4,-0.1
Johnny Juzang,UTA,6.5,.411,.606,.038,3.8,14.3,9.1,4.7,0.8,1.1,2.8,19.6,-0.3,0.1,-0.2,-0.032,-4.3,-2.2,-6.5,-0.3
Mfiondu Kabengele,BOS,8.1,.381,.429,.286,15.4,14.9,15.2,0.0,2.7,0.0,11.3,10.8,0.0,0.1,0.1,.067,-6.6,-2.4,-8.9,-0.1
Frank Kaminsky,TOT,15.3,.635,.524,.254,3.2,21.2,12.1,17.8,1.2,1.6,11.4,14.1,0.5,0.2,0.7,.141,1.2,1.7,2.8,0.3
Trevor Keels,NYK,3.7,.375,1.000,.000,0.0,27.6,13.7,0.0,0.0,0.0,0.0,21.4,0.0,0.0,0.0,-0.062,-7.4,-5.6,-13.0,0.0
Luke Kennard,TOT,13.0,.684,.704,.102,1.2,11.8,6.6,9.4,1.2,0.3,10.3,14.5,2.2,1.2,3.4,.124,0.6,-0.1,0.5,0.8
Walker Kessler,UTA,21.5,.702,.007,.384,14.9,24.4,19.7,5.7,0.7,8.6,10.7,13.3,4.6,2.5,7.1,.200,1.4,1.5,2.9,2.1
Braxton Key,DET,18.6,1.064,.000,2.000,0.0,12.7,6.2,0.0,0.0,0.0,0.0,8.9,0.0,0.0,0.0,.242,2.1,0.8,2.9,0.0
Louis King,PHI,21.3,.744,.615,.077,8.3,8.0,8.1,12.2,1.7,0.0,13.0,23.8,0.1,0.0,0.1,.157,3.3,-1.0,2.3,0.0
Corey Kispert,WAS,11.5,.657,.656,.150,1.8,8.9,5.5,5.7,0.7,0.4,8.1,14.1,2.9,0.9,3.8,.088,-0.1,-1.4,-1.5,0.2
Maxi Kleber,DAL,8.7,.592,.663,.225,3.7,13.3,8.4,7.5,0.6,2.9,12.7,10.3,0.7,0.6,1.3,.067,-2.2,0.0,-2.2,0.0
Nathan Knight,MIN,14.5,.655,.272,.704,8.6,12.8,10.8,6.1,1.6,1.8,16.5,18.7,0.4,0.3,0.7,.116,-2.4,-0.8,-3.2,-0.1
Kevin Knox,TOT,11.1,.579,.560,.181,3.9,17.3,10.5,5.2,1.2,1.1,12.2,18.4,0.2,0.5,0.7,.034,-2.1,-1.4,-3.5,-0.4
Christian Koloko,TOR,11.4,.517,.080,.393,11.1,13.3,12.1,5.0,1.3,6.9,10.2,10.4,0.7,1.0,1.7,.104,-4.3,0.8,-3.5,-0.3
John Konchar,MEM,10.8,.542,.553,.113,4.5,17.4,11.0,8.2,2.4,1.5,9.9,10.4,1.0,2.5,3.5,.111,-1.9,2.4,0.5,0.9
Furkan Korkmaz,PHI,9.3,.552,.414,.324,2.0,11.8,7.0,8.8,1.4,0.8,15.9,19.1,-0.2,0.3,0.1,.019,-3.3,-1.0,-4.4,-0.2
Luke Kornet,BOS,16.7,.697,.076,.229,11.9,14.8,13.4,9.1,0.7,4.9,11.8,11.5,2.1,1.2,3.3,.198,-0.4,1.3,1.0,0.6
Vit Krejci,ATL,7.7,.475,.568,.054,3.9,13.4,8.6,12.4,1.4,0.5,11.7,10.9,0.0,0.1,0.1,.042,-4.2,0.6,-3.6,-0.1
Jonathan Kuminga,GSW,13.3,.597,.294,.278,5.6,12.5,9.1,12.7,1.4,2.0,14.6,19.6,1.0,1.4,2.4,.084,-1.7,-0.1,-1.7,0.1
Kyle Kuzma,WAS,14.3,.544,.421,.208,2.8,19.5,11.5,16.5,0.8,1.1,13.2,27.9,-1.0,1.9,0.9,.019,-0.2,-1.5,-1.7,0.2
Anthony Lamb,GSW,10.9,.610,.634,.191,5.3,14.4,9.9,10.5,1.1,1.5,13.7,13.8,1.2,1.2,2.4,.096,-1.6,0.4,-1.1,0.3
Jock Landale,PHO,16.4,.595,.249,.312,13.2,18.6,15.8,10.1,0.8,2.7,13.3,19.3,1.5,1.2,2.7,.132,-0.7,-0.4,-1.1,0.2
Romeo Langford,SAS,10.4,.524,.236,.216,7.1,7.7,7.4,7.9,1.3,1.3,9.6,15.4,0.3,0.2,0.5,.029,-2.6,-1.5,-4.2,-0.5
Jake LaRavia,MEM,6.7,.531,.747,.095,4.9,11.3,8.1,6.2,1.4,0.9,15.4,11.7,0.0,0.5,0.5,.054,-3.9,0.4,-3.5,-0.2
Zach LaVine,CHI,19.0,.607,.392,.308,1.7,12.2,7.1,18.7,1.2,0.6,11.0,28.3,4.2,2.9,7.1,.123,2.7,-0.7,1.9,2.7
A.J. Lawson,TOT,13.9,.589,.568,.182,6.4,16.3,11.3,3.0,0.9,0.0,5.9,21.1,0.1,0.1,0.1,.063,-1.5,-2.9,-4.4,-0.1
Damion Lee,PHO,10.7,.607,.546,.230,2.8,14.0,8.3,8.9,1.0,0.4,13.5,16.3,1.1,1.4,2.6,.081,-1.3,-0.4,-1.7,0.1
Saben Lee,TOT,13.1,.517,.248,.471,3.8,9.7,6.7,24.3,2.5,0.2,14.1,19.5,0.2,0.4,0.7,.088,-2.7,0.9,-1.8,0.0
Alex Len,SAC,12.8,.580,.067,.533,17.2,25.4,21.3,9.3,1.2,6.0,30.2,14.1,0.1,0.2,0.3,.085,-4.9,0.9,-4.0,-0.1
Kawhi Leonard,LAC,23.9,.623,.287,.320,3.7,17.8,10.8,19.6,2.0,1.4,8.1,27.0,4.9,2.2,7.1,.194,5.1,0.9,6.1,3.5
Meyers Leonard,MIL,12.0,.652,.621,.310,11.4,19.4,15.5,1.2,0.8,0.0,15.4,14.4,0.2,0.1,0.3,.126,-2.8,-2.2,-5.0,-0.1
Caris LeVert,CLE,12.4,.546,.437,.243,2.8,12.1,7.4,18.0,1.6,1.0,12.4,18.7,1.4,3.1,4.4,.095,-1.0,0.8,-0.2,1.0
Kira Lewis Jr.,NOP,14.5,.584,.386,.250,2.4,13.5,8.0,14.0,2.1,0.8,9.3,19.7,0.3,0.3,0.6,.122,-0.8,0.5,-0.3,0.1
Damian Lillard,POR,26.7,.645,.547,.464,2.4,12.8,7.6,35.0,1.2,0.8,11.7,33.8,8.2,0.8,9.0,.205,8.3,-1.2,7.1,4.9
Nassir Little,POR,10.2,.555,.521,.152,3.2,13.5,8.3,7.3,1.0,1.8,10.0,16.0,0.2,0.4,0.7,.032,-1.6,-1.4,-3.0,-0.3
Isaiah Livers,DET,8.4,.567,.705,.135,2.5,11.0,6.6,4.8,1.1,2.1,9.0,11.9,0.5,0.5,1.0,.041,-2.1,-0.3,-2.4,-0.1
Kenneth Lofton Jr.,MEM,20.2,.572,.183,.290,11.5,19.2,15.4,18.1,1.3,1.0,10.3,27.6,0.3,0.2,0.5,.145,0.7,-1.1,-0.4,0.1
Kevon Looney,GSW,17.8,.639,.003,.404,15.7,26.8,21.4,13.8,1.3,2.2,9.1,10.6,5.9,2.8,8.7,.212,0.9,1.3,2.1,2.0
Brook Lopez,MIL,18.4,.630,.405,.211,7.2,15.3,11.4,6.1,0.7,6.7,9.8,19.3,4.1,3.9,8.0,.161,0.8,1.3,2.1,2.5
Robin Lopez,CLE,11.6,.675,.053,.240,9.1,11.0,10.0,9.1,0.3,2.5,23.2,16.1,0.2,0.3,0.6,.094,-3.4,0.3,-3.0,-0.1
Kevin Love,TOT,13.1,.548,.698,.215,5.5,32.6,18.9,13.2,0.6,0.9,13.1,19.2,0.6,2.0,2.6,.099,0.2,0.4,0.6,0.8
Kyle Lowry,MIA,12.6,.565,.639,.278,2.8,12.9,7.7,23.4,1.7,1.2,15.9,16.7,1.5,1.9,3.4,.096,-0.7,0.8,0.2,0.9
Trey Lyles,SAC,14.2,.607,.588,.304,6.3,21.1,13.7,7.0,1.0,2.2,12.2,18.1,1.4,1.2,2.6,.098,0.0,-0.9,-1.0,0.3
Théo Maledon,CHO,11.6,.515,.374,.291,1.7,13.9,7.7,24.2,2.1,1.2,17.1,17.0,0.0,0.9,0.8,.047,-3.0,0.5,-2.5,-0.1
Sandro Mamukelashvili,TOT,13.4,.516,.430,.248,11.2,19.0,15.1,12.8,1.0,1.5,12.1,18.2,0.4,0.5,0.9,.063,-1.1,-1.3,-2.4,-0.1
Terance Mann,LAC,13.4,.619,.378,.225,4.7,11.8,8.3,14.0,1.1,1.0,12.2,15.3,2.8,1.5,4.3,.111,-0.3,0.1,-0.2,0.8
Tre Mann,OKC,10.0,.492,.513,.110,2.4,11.8,7.0,14.0,1.6,0.9,10.6,20.7,-0.6,1.1,0.5,.021,-3.0,-1.0,-3.9,-0.6
Boban Marjanović,HOU,23.4,.710,.017,.450,12.7,26.0,19.3,8.7,1.4,1.1,16.3,20.8,0.4,0.1,0.6,.158,3.0,-1.5,1.6,0.2
Lauri Markkanen,UTA,22.1,.640,.446,.348,6.3,20.7,13.6,8.6,0.9,1.4,8.8,26.6,6.3,1.9,8.2,.173,4.9,-1.0,3.8,3.3
Naji Marshall,NOP,11.4,.539,.382,.306,3.0,14.6,8.8,14.4,1.5,0.7,13.0,17.8,0.5,2.0,2.5,.068,-1.9,0.0,-1.9,0.1
Caleb Martin,MIA,11.4,.571,.431,.206,4.8,15.0,9.7,8.2,1.7,1.5,11.5,14.4,1.2,2.5,3.7,.086,-1.8,0.5,-1.2,0.4
Cody Martin,CHO,8.7,.448,.389,.194,6.2,13.0,9.5,11.0,1.4,0.6,4.9,12.9,0.0,0.1,0.1,.045,-3.8,-0.8,-4.6,-0.1
KJ Martin,HOU,15.4,.635,.300,.308,6.0,15.8,10.8,8.1,0.9,1.3,10.0,16.4,4.2,0.7,4.9,.103,0.6,-1.3,-0.7,0.7
Tyrese Martin,ATL,7.7,.440,.304,.087,8.2,11.7,10.0,3.9,0.7,0.0,7.7,16.5,0.0,0.0,0.0,-0.010,-4.2,-3.1,-7.4,-0.1
Garrison Mathews,TOT,9.7,.573,.896,.264,1.7,10.0,5.8,5.1,1.7,0.7,7.8,14.7,0.7,0.3,1.0,.067,-2.0,-0.4,-2.4,-0.1
Bennedict Mathurin,IND,13.1,.566,.326,.477,4.4,11.5,7.9,7.6,1.0,0.5,11.7,24.6,1.0,0.8,1.8,.038,-1.2,-2.5,-3.7,-1.0
Wesley Matthews,MIL,7.0,.519,.775,.175,4.5,9.7,7.2,5.1,1.2,1.3,9.5,9.8,0.3,0.9,1.2,.073,-3.4,0.8,-2.7,-0.1
Tyrese Maxey,PHI,17.0,.605,.404,.233,1.4,8.8,5.2,16.9,1.2,0.4,7.4,24.1,3.7,1.6,5.4,.128,1.9,-1.2,0.6,1.3
Skylar Mays,POR,19.4,.624,.382,.191,1.2,10.4,5.8,40.0,1.5,0.5,11.9,19.3,0.6,0.1,0.7,.171,2.1,-2.1,0.0,0.1
Miles McBride,NYK,8.4,.475,.623,.195,1.9,5.4,3.6,12.4,2.4,1.0,9.7,14.6,0.0,0.7,0.7,.047,-3.6,1.4,-2.3,-0.1
Mac McClung,PHI,19.2,.563,.550,.250,8.8,19.8,14.4,35.3,0.0,0.0,11.9,27.5,0.1,0.0,0.1,.140,2.2,-1.7,0.5,0.0
CJ McCollum,NOP,15.6,.541,.404,.177,2.4,11.7,7.0,25.1,1.3,1.4,11.2,26.4,1.5,2.8,4.3,.078,1.5,-0.7,0.8,1.9
T.J. McConnell,IND,16.8,.590,.113,.131,3.3,13.7,8.5,37.9,2.5,0.6,20.6,19.1,1.9,1.2,3.1,.098,0.4,0.1,0.5,1.0
Jaden McDaniels,MIN,12.0,.611,.376,.201,4.3,9.8,7.1,8.4,1.5,2.7,12.6,15.8,2.0,2.4,4.4,.087,-1.7,0.5,-1.2,0.5
Jalen McDaniels,TOT,11.8,.557,.376,.224,3.6,16.3,9.9,9.6,2.1,1.6,12.1,17.2,0.5,2.2,2.7,.068,-2.7,0.6,-2.1,-0.1
Doug McDermott,SAS,11.2,.590,.570,.134,1.9,9.9,5.8,9.8,0.5,0.4,9.5,19.2,1.0,0.0,1.0,.035,-0.7,-2.5,-3.2,-0.4
JaVale McGee,DAL,17.2,.650,.040,.328,9.7,25.5,17.5,5.2,0.6,6.5,20.1,22.8,0.1,0.5,0.6,.076,-3.6,-0.1,-3.7,-0.1
Bryce McGowens,CHO,7.2,.519,.396,.396,2.7,10.1,6.3,9.1,0.9,0.7,15.3,15.0,-0.4,0.4,0.1,.005,-4.6,-1.4,-6.0,-0.8
Rodney McGruder,DET,10.7,.566,.638,.145,4.1,11.8,7.8,7.6,1.5,0.2,6.4,14.0,0.5,0.2,0.7,.068,-0.8,-0.7,-1.5,0.1
Jordan McLaughlin,MIN,11.8,.526,.538,.124,2.5,7.6,5.1,27.4,2.2,0.5,17.7,11.7,0.7,0.6,1.3,.094,-1.3,0.6,-0.7,0.2
De'Anthony Melton,PHI,12.7,.566,.619,.134,3.9,13.1,8.6,12.9,2.9,1.8,12.9,16.4,1.1,3.1,4.2,.095,-0.7,1.6,0.9,1.6
Sam Merrill,CLE,15.5,.546,.818,.091,0.0,18.0,9.0,12.0,3.4,0.0,0.0,17.3,0.1,0.1,0.2,.160,-1.2,2.5,1.2,0.0
Chimezie Metu,SAC,17.3,.639,.174,.333,7.8,24.9,16.4,8.1,1.5,2.7,11.3,17.6,1.2,0.8,2.1,.143,-0.3,0.2,-0.1,0.3
Khris Middleton,MIL,17.4,.551,.399,.251,3.8,14.0,9.1,30.7,1.4,0.5,13.6,27.4,1.0,1.0,1.9,.117,1.0,-0.3,0.8,0.6
Patty Mills,BRK,10.6,.554,.641,.144,1.6,7.0,4.4,13.9,1.3,0.5,11.9,19.7,0.0,0.4,0.4,.035,-1.4,-1.7,-3.1,-0.2
Shake Milton,PHI,12.7,.575,.294,.231,3.0,11.3,7.2,22.3,0.8,0.8,14.5,18.5,1.6,1.2,2.9,.087,-1.0,-0.9,-2.0,0.0
Justin Minaya,POR,4.0,.363,.522,.043,3.8,15.6,9.7,5.9,1.1,5.0,14.6,13.4,-0.2,0.1,-0.1,-0.067,-7.2,-1.9,-9.0,-0.2
Josh Minott,MIN,17.9,.582,.167,.222,5.9,22.9,14.6,7.5,2.0,5.4,7.1,18.9,0.1,0.2,0.3,.146,-1.9,0.4,-1.6,0.0
Davion Mitchell,SAC,9.4,.545,.494,.078,1.3,7.0,4.1,16.5,1.5,0.9,13.1,14.1,0.7,0.8,1.5,.050,-2.4,-0.4,-2.8,-0.3
Donovan Mitchell,CLE,22.9,.614,.453,.262,3.1,10.9,7.0,21.4,2.0,1.0,10.3,32.1,5.4,3.5,8.9,.176,5.6,0.6,6.3,5.0
Evan Mobley,CLE,17.9,.591,.108,.321,8.1,22.7,15.4,12.4,1.1,4.0,11.9,20.2,3.7,4.8,8.5,.151,0.0,1.6,1.7,2.5
Isaiah Mobley,CLE,14.1,.521,.286,.143,5.6,22.4,14.0,5.0,2.4,3.3,3.3,16.4,0.1,0.2,0.2,.135,-2.5,1.1,-1.4,0.0
Chima Moneke,SAC,-3.5,.347,.000,1.000,28.8,0.0,14.3,16.1,0.0,0.0,41.0,26.2,0.0,0.0,0.0,-0.288,-12.7,-8.0,-20.7,0.0
Malik Monk,SAC,16.6,.587,.500,.260,2.1,11.3,6.7,25.0,1.4,1.0,14.1,25.8,2.1,1.2,3.2,.091,1.6,-1.4,0.3,1.0
Moses Moody,GSW,10.3,.603,.595,.233,3.8,10.2,7.1,8.2,1.0,0.8,12.0,14.6,0.7,0.6,1.3,.076,-1.7,-0.9,-2.6,-0.1
Xavier Moon,LAC,7.2,.389,.333,.000,0.0,16.6,8.4,35.7,0.0,0.0,10.0,21.8,0.0,0.0,0.0,-0.030,-4.1,-1.0,-5.1,0.0
Wendell Moore Jr.,MIN,9.3,.465,.395,.116,3.0,10.0,6.6,15.3,2.5,2.8,15.0,14.9,-0.1,0.2,0.1,.028,-3.8,1.3,-2.4,0.0
Ja Morant,MEM,23.3,.557,.247,.409,3.3,16.1,9.7,41.1,1.6,0.7,12.6,34.9,3.4,2.6,6.0,.148,5.2,0.5,5.7,3.8
Marcus Morris,LAC,10.5,.534,.479,.135,1.8,13.9,7.9,8.9,1.1,1.0,7.6,17.6,0.4,1.6,2.0,.053,-1.8,-0.2,-1.9,0.0
Markieff Morris,TOT,10.4,.553,.617,.087,4.2,18.2,11.3,12.2,1.2,1.2,13.1,17.2,0.1,0.4,0.4,.059,-2.3,-0.4,-2.7,-0.1
Monte Morris,WAS,15.0,.579,.396,.150,1.8,11.6,6.9,26.4,1.2,0.6,9.9,15.6,3.1,1.1,4.2,.120,0.8,-0.4,0.5,1.1
Trey Murphy III,NOP,15.2,.650,.621,.238,2.7,10.3,6.5,6.4,1.8,1.7,6.5,16.6,4.8,2.8,7.6,.150,1.4,0.4,1.8,2.3
Dejounte Murray,ATL,17.0,.540,.293,.144,2.1,13.8,7.9,24.0,2.0,0.6,10.2,24.4,2.4,2.3,4.7,.084,1.1,0.0,1.0,2.1
Jamal Murray,DEN,18.0,.571,.415,.207,2.7,11.0,6.9,27.5,1.5,0.7,11.3,26.1,3.3,1.9,5.1,.116,2.6,-1.3,1.3,1.8
Keegan Murray,SAC,12.3,.597,.641,.104,4.3,13.4,8.9,5.5,1.2,1.5,6.8,15.8,2.6,1.7,4.3,.087,0.4,-1.0,-0.6,0.8
Mike Muscala,TOT,13.0,.608,.709,.178,4.2,19.1,11.6,7.1,0.8,2.3,6.8,15.1,1.4,1.1,2.5,.128,-0.3,-0.1,-0.4,0.4
Svi Mykhailiuk,TOT,14.0,.584,.572,.225,3.4,8.9,6.1,16.5,1.5,0.7,11.2,19.3,0.5,0.3,0.8,.081,0.5,-0.7,-0.1,0.2
Larry Nance Jr.,NOP,16.0,.649,.138,.259,8.7,20.3,14.5,11.7,2.0,2.6,11.0,11.9,2.8,2.1,4.9,.171,0.0,2.0,2.0,1.4
Andrew Nembhard,IND,10.0,.528,.408,.096,1.9,8.8,5.3,22.4,1.6,0.5,15.8,16.1,0.4,0.8,1.2,.029,-2.4,-0.8,-3.2,-0.6
Aaron Nesmith,IND,10.5,.566,.532,.241,3.8,13.1,8.5,7.4,1.4,1.6,10.3,16.8,0.9,1.1,2.0,.052,-2.3,-0.7,-3.0,-0.4
Raul Neto,CLE,12.6,.628,.382,.309,2.3,8.4,5.4,21.0,1.7,0.7,16.1,13.2,0.8,0.6,1.5,.142,-1.7,1.5,-0.2,0.2
Georges Niang,PHI,10.9,.610,.765,.090,1.5,12.8,7.2,7.3,1.0,0.9,9.4,17.0,1.1,1.4,2.5,.078,-0.4,-1.0,-1.4,0.2
Daishen Nix,HOU,5.3,.447,.591,.152,2.1,9.7,5.9,19.2,1.6,0.7,25.4,15.4,-1.5,0.3,-1.2,-0.062,-5.0,-1.5,-6.5,-1.0
Zeke Nnaji,DEN,12.5,.620,.332,.316,10.5,11.2,10.9,3.3,1.1,2.8,12.2,15.2,0.9,0.7,1.6,.106,-2.7,-0.9,-3.7,-0.3
Nerlens Noel,TOT,7.9,.424,.056,.333,5.6,21.0,13.1,6.7,4.0,4.5,23.9,12.0,-0.3,0.3,0.0,.007,-6.5,2.6,-3.8,-0.1
Jaylen Nowell,MIN,13.7,.527,.371,.158,3.3,11.7,7.6,15.9,1.6,0.3,8.9,25.0,0.0,1.2,1.2,.046,-1.5,-1.0,-2.5,-0.2
Frank Ntilikina,DAL,5.2,.461,.508,.250,1.3,10.7,5.9,12.8,1.3,1.0,16.5,13.1,-0.5,0.4,-0.1,-0.010,-6.1,-0.7,-6.7,-0.7
Kendrick Nunn,TOT,11.1,.530,.496,.091,1.8,10.3,6.2,13.8,1.4,0.6,12.4,23.7,-0.6,0.8,0.2,.008,-2.0,-1.5,-3.5,-0.4
Jusuf Nurkić,POR,17.3,.589,.236,.380,9.3,29.7,19.5,16.4,1.5,2.8,16.8,22.1,1.2,1.5,2.7,.092,-0.6,0.7,0.1,0.7
Jordan Nwora,TOT,12.2,.561,.474,.193,4.7,15.8,10.4,10.5,1.0,1.0,12.0,19.4,0.5,1.0,1.5,.060,-0.8,-1.3,-2.1,0.0
Royce O'Neale,BRK,9.2,.538,.707,.116,2.6,15.0,9.0,15.3,1.3,1.7,15.5,13.6,0.4,2.5,2.9,.057,-1.7,0.6,-1.1,0.5
Chuma Okeke,ORL,9.1,.488,.705,.172,5.7,15.3,10.5,9.4,1.8,2.1,11.5,12.3,0.0,0.6,0.7,.061,-2.4,0.8,-1.6,0.1
Josh Okogie,PHO,13.3,.531,.476,.464,8.8,11.9,10.3,10.3,2.0,2.3,11.2,17.7,1.1,1.7,2.8,.101,-0.8,0.5,-0.2,0.6
Onyeka Okongwu,ATL,19.4,.678,.026,.394,12.7,21.5,17.0,5.8,1.4,4.9,12.2,15.1,4.7,2.4,7.1,.185,0.0,0.8,0.8,1.3
Isaac Okoro,CLE,10.7,.614,.483,.291,3.7,9.6,6.7,7.0,1.7,1.7,9.5,11.9,1.9,2.3,4.2,.122,-1.9,1.6,-0.3,0.7
KZ Okpala,SAC,6.2,.554,.553,.211,3.2,12.4,7.8,6.3,1.4,2.5,14.4,8.4,0.1,0.2,0.3,.057,-4.3,1.1,-3.2,-0.1
Victor Oladipo,MIA,10.6,.513,.526,.196,1.6,12.3,6.8,19.8,2.6,1.1,16.6,21.1,-0.9,1.5,0.6,.024,-2.9,0.8,-2.1,0.0
Kelly Olynyk,UTA,14.4,.643,.424,.417,4.6,18.6,11.7,17.6,1.5,1.6,20.3,17.8,2.4,1.9,4.3,.106,-0.4,0.9,0.4,1.2
Eugene Omoruyi,TOT,10.9,.533,.390,.329,7.1,11.8,9.4,6.3,2.1,0.4,11.5,19.3,0.1,0.5,0.6,.042,-3.5,-0.9,-4.4,-0.4
Cedi Osman,CLE,12.0,.579,.589,.204,1.9,11.5,6.7,10.6,1.1,0.7,8.3,18.2,1.4,1.9,3.3,.103,-0.8,0.2,-0.7,0.5
Kelly Oubre Jr.,CHO,14.8,.534,.414,.254,4.4,12.9,8.6,5.6,2.1,1.0,6.6,26.5,0.1,1.5,1.7,.051,-0.4,-0.7,-1.1,0.3
Chris Paul,PHO,17.7,.555,.391,.240,1.6,13.4,7.4,38.7,2.4,1.0,13.4,19.2,3.7,2.5,6.2,.156,2.0,1.2,3.2,2.5
Cameron Payne,PHO,13.2,.512,.408,.141,1.3,11.0,6.1,32.6,1.7,0.7,14.4,24.8,0.0,1.0,1.1,.053,-0.5,-0.7,-1.2,0.2
Gary Payton II,TOT,13.3,.701,.377,.101,7.4,13.9,10.6,11.0,2.9,1.2,18.2,10.3,0.6,0.4,1.0,.125,-1.2,1.5,0.3,0.2
Theo Pinson,DAL,10.1,.512,.713,.149,3.6,19.3,11.4,19.6,0.9,0.3,11.5,14.7,0.2,0.2,0.5,.071,-2.5,-0.9,-3.4,-0.1
Scotty Pippen Jr.,LAL,9.6,.439,.250,.750,6.9,6.5,6.7,8.2,3.0,2.6,11.1,23.7,-0.1,0.0,0.0,-0.017,-5.1,-0.8,-5.9,0.0
Mason Plumlee,TOT,19.6,.689,.000,.647,11.8,25.1,18.4,17.3,1.1,2.0,15.8,15.2,5.5,2.4,7.9,.185,1.2,1.0,2.2,2.2
Jakob Poeltl,TOT,21.0,.635,.002,.325,13.0,25.5,19.0,15.2,1.7,4.0,15.0,18.2,3.7,2.2,6.0,.150,1.1,0.8,1.9,1.9
Aleksej Pokusevski,OKC,13.4,.522,.418,.141,6.8,17.8,12.2,12.4,1.4,5.7,14.0,18.3,0.0,1.0,1.0,.066,-1.0,1.0,0.0,0.3
Jordan Poole,GSW,14.6,.573,.498,.325,1.5,8.5,5.0,22.5,1.2,0.8,14.7,29.2,1.4,1.9,3.2,.063,-0.1,-1.8,-1.9,0.1
Kevin Porter Jr.,HOU,16.2,.565,.436,.299,4.1,13.1,8.5,25.7,2.0,0.8,15.8,24.3,1.9,1.0,2.9,.068,1.4,-0.8,0.6,1.3
Michael Porter Jr.,DEN,16.8,.621,.556,.147,4.2,17.2,10.9,5.3,1.0,1.4,7.3,22.7,2.6,1.8,4.3,.116,2.0,-1.8,0.2,1.0
Otto Porter Jr.,TOR,14.0,.656,.567,.267,4.3,10.9,7.4,7.2,3.7,0.0,10.7,11.0,0.2,0.2,0.4,.142,-1.3,2.0,0.7,0.1
Bobby Portis,MIL,17.8,.575,.320,.156,9.2,28.6,19.3,8.7,0.8,0.7,8.6,21.7,2.5,2.8,5.3,.139,1.2,-0.6,0.7,1.2
Kristaps Porziņģis,WAS,23.1,.627,.350,.409,6.2,21.8,14.3,12.9,1.3,4.0,10.2,27.4,5.0,2.7,7.7,.174,3.8,0.5,4.3,3.4
Micah Potter,UTA,18.6,.800,.467,.000,6.3,26.7,16.6,11.2,0.9,0.0,11.8,13.7,0.2,0.0,0.2,.186,2.4,1.2,3.5,0.1
Dwight Powell,DAL,15.5,.738,.019,.625,11.8,13.3,12.5,6.9,1.6,1.6,15.9,12.6,3.8,1.3,5.1,.168,-1.2,0.0,-1.2,0.3
Norman Powell,LAC,17.1,.612,.404,.390,1.7,10.7,6.3,11.0,1.6,1.0,10.8,26.0,2.1,1.4,3.5,.107,0.9,-0.7,0.3,0.9
Jason Preston,LAC,10.3,.489,.439,.049,1.8,17.9,9.9,30.9,0.8,0.0,19.3,18.3,0.0,0.1,0.1,.021,-2.1,-0.5,-2.6,0.0
Joshua Primo,SAS,6.1,.467,.462,.346,2.3,13.4,7.6,24.4,0.5,1.8,26.9,18.2,-0.2,0.0,-0.1,-0.073,-4.7,-1.6,-6.3,-0.1
Taurean Prince,MIN,10.0,.597,.512,.203,1.4,10.8,6.2,9.6,1.1,1.1,14.3,17.3,0.3,1.0,1.3,.052,-2.6,-0.6,-3.3,-0.4
Payton Pritchard,BOS,10.3,.536,.629,.065,4.3,10.5,7.5,14.0,1.1,0.1,13.7,19.8,-0.1,0.7,0.6,.045,-2.1,-1.2,-3.4,-0.2
Trevelin Queen,IND,6.0,.337,.517,.172,12.7,14.2,13.5,11.1,1.4,6.1,18.3,22.9,-0.3,0.1,-0.2,-0.133,-5.6,-1.5,-7.2,-0.1
Neemias Queta,SAC,17.0,.607,.000,.222,19.8,23.5,21.7,5.0,0.0,6.0,9.2,16.1,0.1,0.0,0.1,.149,-2.6,-0.8,-3.4,0.0
Immanuel Quickley,NYK,16.3,.578,.485,.265,2.7,13.1,7.9,17.4,1.7,0.6,8.7,20.9,4.4,2.3,6.7,.137,1.3,0.4,1.7,2.1
Lester Quinones,GSW,8.6,.654,.800,1.200,6.2,12.0,9.2,14.2,2.6,0.0,39.6,29.4,-0.1,0.0,0.0,-0.103,-6.4,-3.7,-10.2,0.0
Julius Randle,NYK,20.3,.581,.444,.371,5.6,25.2,15.4,18.5,0.9,0.7,11.5,29.5,5.0,3.1,8.1,.142,3.9,-0.2,3.7,3.9
Austin Reaves,LAL,14.9,.687,.441,.541,2.0,9.0,5.6,15.7,0.8,0.9,14.0,16.2,4.1,1.4,5.4,.142,0.6,0.1,0.7,1.2
Cam Reddish,TOT,10.6,.561,.462,.240,2.0,8.1,5.0,8.1,1.9,1.3,12.0,17.1,0.3,0.7,0.9,.046,-2.6,-0.8,-3.4,-0.4
Davon Reed,TOT,6.2,.471,.548,.286,3.4,16.0,9.9,8.2,2.1,1.0,17.5,14.5,-0.4,0.4,0.1,.008,-5.4,0.0,-5.3,-0.3
Paul Reed,PHI,19.2,.620,.029,.244,17.8,23.1,20.5,5.3,3.0,6.3,16.3,16.4,1.2,1.6,2.8,.180,-1.6,1.5,-0.1,0.4
Naz Reid,MIN,18.5,.617,.376,.220,6.6,22.8,14.9,9.6,1.6,3.7,12.7,24.8,1.1,1.9,3.0,.114,0.3,0.8,1.0,1.0
Jared Rhoden,DET,6.5,.482,.455,.136,6.0,15.0,10.4,2.8,1.0,0.4,6.0,10.7,0.0,0.1,0.1,.027,-5.0,-1.1,-6.1,-0.2
Nick Richards,CHO,18.3,.676,.003,.585,12.6,24.0,18.2,4.5,0.4,5.1,13.0,15.6,2.7,1.5,4.2,.165,-1.0,-0.2,-1.3,0.2
Josh Richardson,TOT,12.3,.555,.529,.146,2.9,9.9,6.3,15.8,2.2,1.2,12.7,18.4,0.6,1.1,1.8,.055,-1.0,-0.1,-1.2,0.3
Austin Rivers,MIN,7.4,.564,.589,.187,0.6,8.4,4.6,9.3,1.3,0.3,9.2,10.5,0.5,0.8,1.3,.061,-3.3,0.5,-2.8,-0.2
Duncan Robinson,MIA,7.8,.534,.810,.135,1.3,10.7,5.9,9.7,1.0,0.0,10.0,17.9,-0.1,0.6,0.5,.035,-3.5,-1.5,-5.0,-0.5
Mitchell Robinson,NYK,18.9,.652,.000,.436,18.4,20.0,19.2,4.5,1.7,6.5,10.9,10.1,4.0,2.6,6.5,.197,1.0,1.4,2.4,1.7
Orlando Robinson,MIA,13.4,.565,.067,.348,12.8,22.3,17.4,8.4,1.4,2.9,13.5,12.4,0.5,0.6,1.1,.129,-2.7,0.7,-2.1,0.0
Jeremiah Robinson-Earl,OKC,13.0,.548,.448,.169,9.2,14.7,11.9,7.0,1.4,1.2,6.7,14.6,1.1,0.8,1.9,.111,-0.8,-0.7,-1.5,0.1
Isaiah Roby,SAS,9.3,.497,.387,.265,4.7,20.6,12.3,10.7,1.8,1.2,15.2,17.8,-0.4,0.3,-0.1,-0.011,-4.0,-0.6,-4.6,-0.3
David Roddy,MEM,8.8,.519,.505,.155,4.2,12.0,8.1,6.1,1.1,1.4,11.3,16.7,-0.3,1.4,1.1,.043,-3.2,-0.7,-3.9,-0.6
Ryan Rollins,GSW,-1.4,.508,.450,.300,5.4,15.7,10.6,12.4,0.8,1.4,41.4,26.1,-0.3,0.1,-0.3,-0.218,-11.3,-3.7,-15.0,-0.2
Derrick Rose,NYK,10.1,.463,.396,.075,2.6,10.4,6.5,19.9,1.0,1.4,11.8,23.6,-0.3,0.3,0.0,-0.001,-2.2,-1.5,-3.7,-0.1
Terrence Ross,TOT,10.2,.544,.555,.073,1.8,11.2,6.5,10.2,1.3,0.7,8.2,16.8,0.5,1.2,1.6,.059,-1.8,-0.3,-2.1,0.0
Terry Rozier,CHO,14.7,.517,.425,.185,2.4,10.2,6.2,22.7,1.6,0.6,9.4,26.9,0.1,1.6,1.7,.037,0.6,-1.1,-0.6,0.8
Ricky Rubio,CLE,10.4,.442,.461,.197,1.9,12.7,7.3,27.1,2.3,1.0,13.8,17.7,-0.2,0.9,0.7,.062,-3.8,1.1,-2.8,-0.1
D'Angelo Russell,TOT,16.3,.605,.517,.228,1.7,8.5,5.2,27.4,1.4,1.1,15.1,22.7,3.1,1.9,5.1,.106,2.1,-0.7,1.5,2.0
Matt Ryan,TOT,8.1,.538,.778,.111,1.4,7.6,4.6,6.9,0.8,0.3,5.8,16.5,0.1,0.2,0.3,.044,-1.9,-1.5,-3.4,-0.1
Domantas Sabonis,SAC,23.5,.668,.088,.467,10.6,30.0,20.3,30.4,1.1,1.2,16.9,21.3,9.6,3.0,12.6,.221,4.1,1.8,5.8,5.4
Luka Šamanić,UTA,11.0,.550,.544,.228,0.0,19.9,10.1,13.0,1.8,1.1,13.8,18.9,0.0,0.2,0.2,.045,-3.2,1.1,-2.1,0.0
Dario Šarić,TOT,13.5,.583,.415,.274,7.1,21.4,14.1,12.7,1.2,0.8,15.1,19.2,0.7,1.0,1.7,.099,-1.5,0.1,-1.4,0.1
Olivier Sarr,OKC,11.5,.544,.267,.233,11.1,18.2,14.6,4.6,0.4,4.1,10.8,13.6,0.1,0.1,0.2,.094,-4.2,-0.7,-4.9,-0.1
Jordan Schakel,WAS,24.3,.750,.500,.000,0.0,0.0,0.0,23.5,8.1,0.0,0.0,14.5,0.0,0.0,0.0,.314,7.7,9.3,17.0,0.0
Admiral Schofield,ORL,10.1,.587,.607,.189,5.8,9.8,7.8,9.6,0.9,1.1,10.8,14.1,0.5,0.3,0.8,.089,-2.2,-0.7,-2.9,-0.1
Dennis Schröder,LAL,11.5,.545,.346,.388,1.2,7.5,4.4,20.1,1.2,0.4,12.8,18.6,1.3,1.5,2.8,.068,-2.4,-0.5,-2.9,-0.4
Jay Scrubb,ORL,14.2,.825,.286,.286,0.0,22.7,11.3,5.0,3.2,0.0,27.6,15.6,0.0,0.0,0.1,.083,-2.9,1.0,-1.9,0.0
Dereon Seabron,NOP,4.6,.400,.000,.000,9.5,0.0,4.7,0.0,0.0,0.0,0.0,17.9,0.0,0.0,0.0,-0.034,-6.6,-4.7,-11.3,0.0
Alperen Şengün,HOU,19.7,.599,.071,.360,12.1,22.3,17.1,21.0,1.6,3.2,17.3,21.4,3.4,1.8,5.2,.115,1.1,0.4,1.4,1.9
Collin Sexton,UTA,15.9,.616,.261,.425,3.5,6.3,5.0,17.9,1.1,0.4,13.3,23.4,2.0,0.5,2.5,.105,0.1,-1.5,-1.3,0.2
Landry Shamet,PHO,10.9,.537,.663,.170,1.5,7.9,4.6,15.7,1.6,0.6,10.0,18.9,0.5,0.7,1.2,.071,-1.1,-0.3,-1.4,0.1
Day'Ron Sharpe,BRK,17.8,.581,.064,.322,20.6,20.1,20.4,9.7,1.3,5.0,17.7,19.0,0.8,0.8,1.6,.139,-1.8,-0.6,-2.3,0.0
Shaedon Sharpe,POR,11.5,.568,.437,.162,4.0,11.3,7.6,7.9,1.0,1.2,10.7,19.0,0.6,0.6,1.2,.032,-1.3,-2.0,-3.3,-0.6
Pascal Siakam,TOR,20.3,.565,.219,.361,5.2,19.6,11.9,24.9,1.2,1.3,10.0,27.2,5.2,2.6,7.8,.141,3.3,-0.1,3.1,3.4
Chris Silva,DAL,-2.2,1.000,.000,.000,0.0,0.0,0.0,0.0,0.0,0.0,50.0,30.1,0.0,0.0,0.0,-0.260,-22.5,-0.1,-22.6,0.0
Ben Simmons,BRK,13.4,.559,.009,.243,4.2,22.2,13.4,31.3,2.4,1.9,27.2,14.3,0.5,1.7,2.2,.097,-2.2,2.6,0.4,0.7
Kobi Simmons,CHO,9.0,.363,.833,.333,3.7,11.7,7.6,21.8,0.0,6.2,12.7,11.8,0.0,0.0,0.0,.019,-1.0,0.1,-0.9,0.0
Marko Simonovic,CHI,-0.1,.381,.571,.286,5.8,5.6,5.7,0.0,0.0,0.0,0.0,17.4,0.0,0.0,0.0,-0.052,-10.5,-3.8,-14.4,-0.1
Anfernee Simons,POR,14.8,.581,.538,.171,0.9,7.6,4.3,18.6,0.9,0.6,10.2,25.1,2.1,0.3,2.5,.054,1.3,-2.5,-1.1,0.5
Jericho Sims,NYK,13.8,.780,.009,.150,13.3,19.4,16.4,4.0,0.9,3.2,19.1,7.4,1.6,0.9,2.6,.153,-1.0,0.5,-0.5,0.3
Marcus Smart,BOS,12.1,.538,.568,.196,2.6,8.0,5.3,26.4,2.3,1.0,17.9,17.8,1.0,2.7,3.7,.092,-1.8,0.8,-1.0,0.5
Dennis Smith Jr.,CHO,11.6,.475,.246,.235,2.0,11.0,6.4,26.1,2.6,1.6,14.1,17.6,-0.4,1.5,1.1,.039,-3.5,1.2,-2.2,-0.1
Dru Smith,TOT,11.4,.475,.422,.067,1.4,15.9,8.7,19.3,3.1,2.5,6.1,13.8,0.1,0.3,0.3,.099,-3.8,2.9,-0.9,0.0
Ish Smith,DEN,6.5,.407,.092,.031,1.5,13.8,7.8,32.5,1.0,1.6,24.9,19.3,-0.8,0.4,-0.5,-0.056,-5.5,-1.1,-6.6,-0.5
Jabari Smith Jr.,HOU,11.2,.514,.438,.231,5.4,20.3,12.7,5.9,0.9,3.0,9.6,18.4,0.5,1.4,1.9,.037,-2.3,-1.3,-3.7,-1.1
Jalen Smith,IND,15.9,.565,.376,.270,11.2,22.9,17.1,7.6,0.8,4.0,11.2,21.0,1.1,1.1,2.3,.085,-0.9,-1.1,-2.1,0.0
Xavier Sneed,CHO,9.5,.723,.600,.400,0.0,11.3,5.6,13.9,0.0,1.8,20.3,12.9,0.1,0.0,0.1,.086,-3.1,-0.4,-3.6,0.0
Jeremy Sochan,SAS,11.4,.509,.243,.210,6.9,15.6,11.0,13.6,1.4,1.3,13.9,19.8,-0.5,0.7,0.2,.005,-2.8,-1.2,-4.0,-0.7
Jaden Springer,PHI,17.2,.545,.143,.229,8.1,10.4,9.3,13.8,3.9,3.1,7.2,20.8,0.1,0.2,0.3,.145,-2.6,2.9,0.3,0.1
Lamar Stevens,CLE,9.5,.524,.330,.198,5.0,16.7,10.9,4.0,1.2,1.6,7.9,13.6,0.3,1.6,1.9,.080,-3.0,0.2,-2.8,-0.2
Isaiah Stewart,DET,13.1,.560,.465,.338,8.7,23.3,15.8,7.3,0.7,2.1,11.8,17.3,1.1,0.9,2.0,.068,-1.0,-1.1,-2.1,0.0
Max Strus,MIA,10.8,.557,.713,.113,2.4,11.2,6.7,11.2,0.9,0.5,7.8,17.6,1.5,1.9,3.4,.071,-0.8,-0.9,-1.7,0.2
Jalen Suggs,ORL,12.5,.528,.455,.268,5.0,9.6,7.3,18.0,2.6,2.1,15.9,20.3,-0.2,1.5,1.4,.053,-1.8,0.8,-1.0,0.3
Edmond Sumner,BRK,14.0,.597,.323,.401,2.0,9.9,6.0,13.3,2.1,1.2,13.6,22.1,0.6,0.7,1.3,.086,-2.4,-0.2,-2.6,-0.1
Cole Swider,LAL,7.4,.500,.889,.000,2.7,15.2,9.1,12.0,0.0,0.0,0.0,9.3,0.0,0.0,0.1,.080,-2.9,-0.5,-3.4,0.0
Jae'Sean Tate,HOU,12.2,.546,.201,.301,6.6,12.6,9.6,18.2,1.5,1.0,15.3,18.8,0.4,0.3,0.7,.049,-2.8,-0.7,-3.5,-0.3
Jayson Tatum,BOS,23.7,.607,.440,.399,3.2,22.5,13.0,20.9,1.4,1.6,10.4,32.7,6.2,4.3,10.5,.185,4.8,0.7,5.5,5.1
Terry Taylor,TOT,11.0,.557,.253,.147,11.4,8.4,9.9,5.1,0.5,2.0,10.1,14.2,0.2,0.1,0.3,.054,-2.3,-1.8,-4.1,-0.1
Garrett Temple,NOP,10.5,.535,.578,.089,3.5,8.4,5.9,10.6,2.7,1.2,7.9,13.4,0.1,0.2,0.3,.094,-2.5,1.6,-1.0,0.0
Dalen Terry,CHI,14.1,.523,.375,.292,6.5,13.0,9.8,14.1,2.5,2.3,9.0,18.4,0.1,0.3,0.5,.105,-1.7,1.7,0.0,0.1
Daniel Theis,IND,14.2,.497,.250,.273,7.1,15.2,11.2,12.2,0.9,4.7,5.7,20.1,0.0,0.1,0.1,.046,-0.9,-0.5,-1.4,0.0
Cam Thomas,BRK,14.7,.567,.292,.382,1.0,10.1,5.6,12.7,1.0,0.6,10.6,27.8,0.3,0.7,1.0,.049,-0.7,-2.0,-2.7,-0.2
Klay Thompson,GSW,14.7,.576,.584,.105,1.9,11.7,6.9,11.0,1.0,1.1,8.6,26.4,1.2,1.9,3.1,.066,1.5,-1.7,-0.3,1.0
JT Thor,CHO,7.0,.506,.517,.197,3.9,13.0,8.4,4.9,1.1,2.1,14.5,13.1,-0.6,0.8,0.2,.009,-4.3,-0.4,-4.7,-0.7
Matisse Thybulle,TOT,10.5,.552,.585,.111,3.9,9.7,6.8,5.9,3.4,2.4,8.3,10.6,0.6,1.5,2.1,.086,-2.7,2.2,-0.5,0.4
Xavier Tillman Sr.,MEM,17.3,.621,.049,.291,10.9,16.7,13.8,10.9,2.3,2.2,11.3,13.7,2.3,1.9,4.2,.171,0.3,1.7,1.9,1.2
Isaiah Todd,WAS,-1.0,.226,.526,.105,3.8,17.6,10.9,7.9,0.8,0.0,9.1,15.6,-0.2,0.0,-0.2,-0.147,-10.3,-3.9,-14.2,-0.2
Obi Toppin,NYK,13.6,.565,.589,.112,3.0,16.6,9.8,9.2,1.1,1.1,8.0,19.5,1.1,1.0,2.1,.095,0.3,-0.8,-0.5,0.4
Juan Toscano-Anderson,TOT,7.2,.505,.301,.168,4.4,14.4,9.5,11.8,1.1,1.2,18.1,11.3,-0.1,0.6,0.5,.038,-4.6,0.8,-3.8,-0.3
Karl-Anthony Towns,MIN,18.8,.618,.383,.315,5.7,21.6,13.8,22.0,1.0,1.5,15.0,25.6,1.5,1.1,2.7,.133,2.1,0.9,3.0,1.2
Gary Trent Jr.,TOR,15.0,.560,.481,.219,1.5,8.2,4.6,7.4,2.4,0.6,5.1,21.7,2.5,2.0,4.5,.102,0.2,0.0,0.2,1.2
P.J. Tucker,PHI,5.7,.566,.622,.102,5.9,12.1,9.1,3.9,1.0,0.7,15.8,6.5,0.9,1.7,2.5,.064,-3.2,0.2,-3.0,-0.5
Myles Turner,IND,20.0,.651,.340,.377,5.4,22.9,14.2,7.5,0.9,6.6,10.8,22.0,3.4,2.0,5.4,.142,1.4,0.7,2.1,1.9
Stanley Umude,DET,65.6,.532,1.000,2.000,0.0,0.0,0.0,0.0,24.2,44.1,0.0,40.0,0.0,0.0,0.0,.626,15.9,32.7,48.6,0.0
Jonas Valančiūnas,NOP,19.3,.610,.134,.275,13.0,33.3,23.1,11.1,0.5,2.5,14.8,23.4,2.8,3.0,5.8,.142,0.0,-0.4,-0.4,0.8
Jarred Vanderbilt,TOT,15.1,.604,.200,.308,10.0,23.2,16.7,13.1,2.1,0.9,15.9,13.6,2.7,2.5,5.2,.132,-0.6,1.6,1.1,1.5
Fred VanVleet,TOR,17.0,.540,.545,.254,1.2,12.0,6.3,28.1,2.4,1.5,10.2,23.2,3.7,2.8,6.5,.123,2.0,0.5,2.5,2.9
Devin Vassell,SAS,15.5,.550,.447,.168,0.7,13.5,6.9,17.3,1.7,1.2,8.2,24.4,0.7,0.5,1.2,.051,1.3,-0.9,0.4,0.7
Gabe Vincent,MIA,9.0,.533,.617,.138,1.7,8.1,4.8,13.9,1.8,0.3,13.3,17.5,-0.3,1.7,1.4,.038,-3.1,-0.3,-3.4,-0.6
Noah Vonleh,BOS,5.9,.502,.167,.083,11.7,18.8,15.3,5.1,0.6,4.0,30.7,9.2,0.0,0.3,0.2,.060,-7.0,0.7,-6.3,-0.2
Nikola Vučević,CHI,19.1,.594,.302,.138,6.7,30.2,18.6,14.6,1.1,2.0,10.2,21.9,3.9,4.4,8.3,.145,1.9,0.7,2.7,3.2
Dean Wade,CLE,8.5,.550,.718,.130,2.6,17.2,9.9,5.4,1.6,2.2,8.3,10.2,0.4,1.4,1.8,.097,-2.9,2.1,-0.7,0.3
Franz Wagner,ORL,15.9,.589,.322,.288,3.0,11.2,7.1,17.2,1.4,0.6,11.7,23.5,3.1,2.3,5.4,.099,0.4,-0.5,-0.1,1.3
Moritz Wagner,ORL,17.4,.630,.412,.460,7.0,19.4,13.2,11.5,1.6,1.1,12.5,21.1,2.1,1.3,3.4,.149,0.4,0.2,0.6,0.7
Ish Wainright,PHO,9.2,.522,.762,.137,5.3,11.6,8.4,7.4,2.0,2.2,8.4,12.2,0.5,1.2,1.7,.089,-2.7,1.5,-1.2,0.2
Jabari Walker,POR,9.6,.496,.283,.227,8.8,15.5,12.2,7.8,0.8,1.9,11.8,17.3,-0.1,0.3,0.2,.015,-3.9,-2.1,-6.1,-0.6
Kemba Walker,DAL,15.0,.543,.491,.368,2.4,10.6,6.5,20.1,0.7,1.2,5.7,22.1,0.2,0.1,0.3,.098,0.3,-0.6,-0.3,0.1
Lonnie Walker IV,LAL,12.2,.570,.472,.201,1.2,7.6,4.5,7.0,1.1,1.1,7.4,20.2,0.8,1.0,1.8,.066,-0.9,-0.5,-1.4,0.2
John Wall,LAC,13.6,.498,.322,.334,2.1,11.4,6.8,35.3,1.8,1.4,17.1,27.0,-0.4,0.7,0.3,.020,-0.8,-0.4,-1.2,0.1
T.J. Warren,TOT,13.5,.550,.248,.130,4.2,15.4,9.8,8.7,1.6,1.5,6.5,19.5,0.4,0.8,1.2,.081,-1.7,-0.2,-2.0,0.0
Duane Washington Jr.,PHO,9.3,.458,.434,.094,0.6,9.8,5.1,25.2,0.7,0.9,11.3,32.5,-0.8,0.3,-0.5,-0.065,-1.8,-2.8,-4.6,-0.3
P.J. Washington,CHO,12.9,.542,.438,.178,3.2,13.0,8.0,11.0,1.3,2.9,9.4,20.6,0.4,2.2,2.6,.052,-1.0,-0.3,-1.3,0.4
TyTy Washington Jr.,HOU,7.5,.432,.500,.113,0.5,11.0,5.7,15.3,1.7,0.5,7.7,17.4,-0.3,0.1,-0.1,-0.016,-5.0,-1.3,-6.3,-0.5
Yuta Watanabe,BRK,12.1,.637,.582,.203,3.7,13.1,8.5,7.0,1.3,1.6,8.0,13.1,1.3,0.9,2.1,.111,-0.4,-0.2,-0.6,0.3
Lindy Waters III,OKC,11.8,.573,.910,.112,3.2,12.2,7.6,7.0,1.3,1.9,5.1,15.5,0.6,0.5,1.1,.101,0.5,-0.4,0.1,0.3
Trendon Watford,POR,13.6,.625,.198,.310,4.1,19.2,11.6,16.0,1.3,0.9,16.2,16.1,1.3,0.7,2.1,.084,-1.4,-0.4,-1.8,0.1
Peyton Watson,DEN,12.8,.553,.237,.339,5.1,17.4,11.4,7.9,0.5,5.2,10.6,17.7,0.1,0.2,0.3,.073,-2.7,-0.1,-2.8,0.0
Blake Wesley,SAS,3.5,.393,.242,.205,1.7,11.9,6.6,18.8,1.8,0.6,21.7,18.5,-1.9,0.3,-1.6,-0.114,-7.9,-1.8,-9.6,-1.3
Russell Westbrook,TOT,16.1,.513,.289,.317,4.7,16.5,10.8,38.6,1.7,1.3,18.4,27.7,-0.6,2.6,1.9,.044,0.3,-0.1,0.2,1.2
Coby White,CHI,12.5,.572,.579,.118,1.1,12.6,6.9,16.3,1.5,0.3,10.6,17.9,1.2,1.9,3.1,.087,-1.0,0.2,-0.8,0.5
Derrick White,BOS,15.4,.604,.516,.253,2.5,11.2,6.9,19.4,1.1,2.8,10.1,17.7,4.4,3.1,7.4,.154,1.1,1.3,2.4,2.6
Jack White,DEN,12.6,.517,.474,.158,10.7,18.6,14.8,7.7,2.2,2.7,9.0,14.7,0.1,0.1,0.1,.108,-2.6,0.7,-1.9,0.0
Joe Wieskamp,TOR,-0.4,.321,.857,.000,0.0,9.8,4.5,7.4,0.0,0.0,6.7,12.8,-0.1,0.0,-0.1,-0.076,-7.0,-3.6,-10.6,-0.1
Aaron Wiggins,OKC,12.2,.607,.336,.196,5.5,12.0,8.7,8.3,1.4,1.1,12.2,14.5,1.4,1.2,2.6,.097,-1.5,-0.5,-2.1,0.0
Andrew Wiggins,GSW,14.7,.564,.425,.136,5.7,11.3,8.6,10.5,1.8,2.1,7.9,21.5,1.0,1.3,2.3,.091,-0.1,-0.4,-0.5,0.5
Lindell Wigginton,MIL,11.8,.610,.486,.243,0.0,8.1,4.2,23.8,0.0,1.9,22.7,25.6,0.0,0.1,0.1,.028,-3.1,-3.6,-6.7,-0.1
Alondes Williams,BRK,-20.9,,,,0.0,22.0,11.2,0.0,0.0,0.0,100.0,17.7,-0.1,0.0,-0.1,-0.517,-21.3,-5.2,-26.5,0.0
Donovan Williams,ATL,14.5,.400,.400,.000,0.0,55.4,27.4,0.0,0.0,0.0,0.0,52.5,0.0,0.0,0.0,-0.225,-9.1,-6.1,-15.2,0.0
Grant Williams,BOS,10.3,.605,.611,.256,4.7,14.5,9.7,8.4,1.0,1.3,13.4,13.1,1.9,2.6,4.4,.104,-1.8,0.7,-1.1,0.5
Jalen Williams,OKC,15.6,.601,.258,.241,3.9,12.2,7.9,15.4,2.1,1.4,12.3,18.4,3.0,2.6,5.6,.119,-0.4,0.7,0.3,1.3
Jaylin Williams,OKC,11.2,.559,.483,.231,5.1,23.6,14.1,10.7,1.5,1.2,12.6,13.5,0.7,1.2,1.9,.099,-2.3,0.6,-1.7,0.1
Jeenathan Williams,POR,15.5,.657,.205,.077,9.0,4.6,6.8,12.1,1.2,1.4,9.0,15.2,0.3,0.0,0.3,.120,-1.0,-2.1,-3.0,0.0
Kenrich Williams,OKC,14.4,.585,.387,.113,8.5,14.9,11.6,11.7,1.8,1.1,8.1,13.7,2.0,1.3,3.3,.133,0.1,0.4,0.5,0.8
Mark Williams,CHO,19.8,.659,.000,.386,11.7,27.7,19.6,3.3,1.6,4.7,12.0,17.0,1.5,1.3,2.8,.163,-0.5,0.6,0.1,0.4
Patrick Williams,CHI,11.2,.576,.409,.155,3.9,12.0,8.0,5.8,1.5,2.9,12.3,15.7,0.5,3.0,3.5,.072,-1.7,0.4,-1.3,0.4
Robert Williams,BOS,19.8,.742,.006,.241,14.0,24.5,19.3,8.5,1.3,5.0,15.3,11.8,2.3,1.6,3.8,.224,1.0,2.4,3.3,1.1
Vince Williams Jr.,MEM,3.9,.367,.700,.050,4.0,11.1,7.6,4.8,2.7,1.7,10.9,18.1,-0.3,0.2,-0.1,-0.049,-8.3,-0.2,-8.5,-0.2
Ziaire Williams,MEM,7.4,.511,.495,.112,3.0,11.9,7.5,8.2,1.2,1.0,15.2,18.0,-0.5,0.6,0.1,.011,-4.7,-0.8,-5.6,-0.5
Zion Williamson,NOP,25.2,.652,.041,.529,6.9,17.0,12.0,24.4,1.6,1.6,14.6,30.4,2.3,1.2,3.6,.180,4.8,1.0,5.8,1.9
Dylan Windler,CLE,19.0,.833,.667,.000,0.0,0.0,0.0,15.2,5.0,0.0,25.0,17.9,0.0,0.0,0.0,.149,3.2,3.5,6.7,0.0
Justise Winslow,POR,9.3,.466,.227,.141,7.2,14.3,10.7,17.2,1.9,1.3,17.0,14.2,-0.1,0.5,0.4,.022,-3.4,0.6,-2.8,-0.2
James Wiseman,TOT,15.6,.589,.059,.286,9.2,25.2,17.0,5.5,0.4,2.7,11.8,21.2,0.7,0.7,1.4,.077,-2.1,-1.4,-3.5,-0.3
Christian Wood,DAL,20.6,.624,.363,.365,5.8,27.4,16.4,11.7,0.9,3.7,11.9,26.4,2.7,2.1,4.8,.132,1.9,-0.3,1.7,1.6
Delon Wright,WAS,16.3,.581,.409,.206,5.5,10.7,8.2,20.9,3.7,1.2,12.2,12.9,2.1,1.6,3.7,.146,0.4,3.1,3.4,1.7
McKinley Wright IV,DAL,12.4,.536,.286,.194,3.1,13.4,8.2,25.2,1.2,1.3,15.2,16.9,0.2,0.2,0.5,.069,-1.9,-0.8,-2.7,-0.1
Gabe York,IND,11.8,.548,.857,.095,0.0,11.9,5.9,12.3,1.7,0.0,0.0,16.4,0.1,0.0,0.1,.091,-1.7,-1.8,-3.5,0.0
Thaddeus Young,TOR,14.1,.573,.172,.131,9.4,14.6,11.8,12.9,3.4,0.6,16.7,13.5,0.7,1.1,1.8,.109,-1.8,1.9,0.1,0.4
Trae Young,ATL,22.0,.573,.331,.460,2.4,7.0,4.7,42.5,1.5,0.3,15.2,32.6,5.3,1.4,6.7,.126,5.3,-2.0,3.3,3.4
Omer Yurtseven,MIA,16.7,.675,.259,.222,10.9,21.9,16.2,3.9,1.2,2.5,11.9,18.0,0.2,0.1,0.3,.159,-2.5,-1.5,-3.9,0.0
Cody Zeller,MIA,16.4,.659,.034,.593,13.0,21.8,17.3,7.2,0.7,1.9,15.8,18.1,0.4,0.3,0.7,.147,-2.0,-0.7,-2.8,0.0
Ivica Zubac,LAC,16.7,.661,.004,.463,12.3,26.5,19.5,5.1,0.7,4.0,15.9,14.8,3.8,2.9,6.7,.149,-1.1,0.2,-0.9,0.6
